Student ID,Major,Programming Experience?,"Courses (Course name, Grade Achieved)"
57079cc6345a49ab8ebb1a141b3b77cb,CS,True,MATH-098,B-,MATH-115,A,MATH-115,A,MATH-121,A-,MATH-122,D-,MATH-122,A-,CIS-115,D-,CIS-115,B,CIS-121,B-
167a60c1b0384abca1168bdcb5feaa6c,CS,True,MATH-098,D+,MATH-098,A-,MATH-115,B,MATH-121,D-,MATH-121,D-,CIS-115,D+,CIS-115,C,CIS-121,B,CIS-122,A,CIS-223,D-,CIS-223,D+,CIS-224,F,CIS-224,C+
8976d3856c9d4d2283ac7e4d8092bcb0,CS,True,MATH-098,D-,MATH-098,C-,MATH-115,D,MATH-115,D,MATH-121,B,MATH-122,C-,MATH-122,C,CIS-115,C,CIS-121,D-,CIS-121,B,CIS-122,B-,CIS-122,B+,CIS-223,C+
efc24bf9fba249efb5f76ebc0c63199e,CS,True,MATH-098,B,MATH-098,B+,MATH-115,D-,MATH-115,D-,MATH-121,B,MATH-122,A-,CIS-115,C-,CIS-115,C-
baae6ec74b1d40fe85b938a163dc5d9f,CS,True,MATH-098,B+,MATH-115,C-,MATH-115,A,CIS-115,B+,CIS-121,C-,CIS-121,A
da8b0b12047546b2bd02636e0723a5b1,CS,True,MATH-098,B-,MATH-115,D,MATH-115,C,CIS-115,B-,CIS-121,B-,CIS-122,A-,CIS-223,C-,CIS-223,C
ad2bd66dd0d54f7d94cd22be9826c902,CS,True,MATH-098,D,MATH-098,A-,MATH-115,C-,MATH-115,B-,MATH-121,A,MATH-122,B-,MATH-247,B+,MATH-280,D,MATH-280,A,CIS-115,C+,CIS-121,A,CIS-122,D-,CIS-122,A,CIS-223,D-,CIS-223,A
ca179a73da524730be44641df66226d1,CS,True,MATH-098,C+,MATH-115,D+,MATH-115,A,MATH-121,C,CIS-115,C-,CIS-115,C,CIS-121,F,CIS-121,D,CIS-122,D-,CIS-122,D+,CIS-223,B+
7d1f8a5602454b81afa087d96741dc25,CS,True,MATH-098,C+,MATH-115,A-,MATH-121,B-,CIS-115,D+,CIS-115,D+,CIS-121,B+
529294d18de140519df2a82af28d1fbf,CS,True,MATH-098,B,MATH-115,F,MATH-115,B+,CIS-115,B+,CIS-121,D+,CIS-121,C,CIS-122,B,CIS-223,B-,CIS-224,A-
596ecbe289ae42b08392dfa4b57ac190,CS,True,MATH-098,B,MATH-115,D,MATH-115,C-,MATH-121,C+,MATH-122,A-,MATH-247,D-,MATH-247,B-,MATH-280,C+,CIS-115,C,CIS-121,C,CIS-122,B+
b4a2b746b0824624bfef5c5ea7e99a86,CS,True,MATH-098,D,MATH-098,C+,MATH-115,D,MATH-115,B,MATH-121,C-,MATH-121,B+,MATH-122,D,MATH-122,C,MATH-247,C,CIS-115,B+,CIS-121,C-,CIS-121,C+,CIS-122,D+,CIS-122,A,CIS-223,D-,CIS-223,D
8c487a32b9484e228117798ba84ad28b,CS,True,MATH-098,D+,MATH-098,D+,MATH-115,D,MATH-115,B-,MATH-121,D-,MATH-121,C+,MATH-122,D-,MATH-122,C-,CIS-115,B,CIS-121,C-,CIS-121,B,CIS-122,B+,CIS-223,B+,CIS-224,B+
1747683c45494fb6adf7de6206c3af26,CS,True,MATH-098,B,MATH-115,B+,CIS-115,B+,CIS-121,A,CIS-122,B,CIS-223,C
7f13f00a6f6640ffa10d785be4a708ea,CS,True,MATH-098,A-,MATH-115,D-,MATH-115,B,MATH-121,D,MATH-121,D,CIS-115,B+
3dc3b9b320e54a498c52a884e5d5edc6,CS,True,MATH-098,F,MATH-098,F,MATH-115,C-,MATH-115,C+,MATH-121,B-,MATH-122,A-,CIS-115,F,CIS-115,D,CIS-121,D-,CIS-121,C-,CIS-122,C,CIS-223,C,CIS-224,C-,CIS-224,B-
a27c54a97268480985ebf05281f346a2,CS,True,MATH-098,A-,MATH-115,F,MATH-115,D-,CIS-115,A-,CIS-121,D+,CIS-121,C-,CIS-122,C,CIS-122,B-,CIS-223,C,CIS-224,D,CIS-224,C+
a4c9fa26c4af47a785e6a45e10288ca0,CS,True,MATH-098,D-,MATH-098,C,MATH-115,C+,CIS-115,C-,CIS-115,A,CIS-121,C-,CIS-121,B
63f42c189d3f44008d35b6d6995b0bdf,CS,True,MATH-098,F,MATH-098,F,MATH-115,F,MATH-115,D-,MATH-121,A-,MATH-122,C-,MATH-122,A,MATH-247,D+,MATH-247,C+,MATH-280,A-,CIS-115,C,CIS-121,C-,CIS-121,C,CIS-122,A-,CIS-223,D,CIS-223,B+
d87a01581eec45f58b1a48dacc91a02f,CS,True,MATH-098,D+,MATH-098,C,MATH-115,B-,MATH-121,B+,MATH-122,A,MATH-247,F,MATH-247,D+,CIS-115,A-,CIS-121,D,CIS-121,B+,CIS-122,F,CIS-122,B-
b211019c34914251b7f52807587cb9b2,CS,True,MATH-098,D,MATH-098,A-,MATH-115,D,MATH-115,A,MATH-121,A,MATH-122,B+,MATH-247,B-,CIS-115,C
4e8a4d4a82bb46999c382936d0a3396b,CS,True,MATH-098,D,MATH-098,B,MATH-115,C,MATH-121,C+,MATH-122,B-,MATH-247,B+,CIS-115,A,CIS-121,D-,CIS-121,D,CIS-122,A-
a852b40a75c244c784d7c67565a789a3,CS,True,MATH-098,B+,MATH-115,D+,MATH-115,B-,MATH-121,C,CIS-115,D+,CIS-115,C+,CIS-121,D+,CIS-121,B,CIS-122,C+,CIS-223,C-,CIS-223,A,CIS-224,F,CIS-224,D-
b94f7f9d16e247a091c3d8f3a87a5dce,CS,True,MATH-098,D,MATH-098,B-,MATH-115,F,MATH-115,C,CIS-115,B+,CIS-121,B+,CIS-121,B+,CIS-122,D+,CIS-122,A-,CIS-223,B
18376db867b24632a95e7ef5e334f850,CS,True,MATH-098,C,MATH-115,A,CIS-115,B+,CIS-121,D-,CIS-121,A-,CIS-122,D-,CIS-122,C
08a13628577942c6b43b5312fb0dea87,CS,True,MATH-098,D-,MATH-098,B+,MATH-115,A-,MATH-121,D-,MATH-121,C-,CIS-115,B,CIS-121,D-,CIS-121,D+,CIS-122,D+,CIS-122,D+,CIS-223,D,CIS-223,A-
2a3b0cc69ac94daa95e920bc1327044f,CS,True,MATH-098,A-,MATH-115,B-,MATH-121,B,CIS-115,D,CIS-115,C,CIS-121,C,CIS-122,A
944f1c7708c942db881ffadd51a043e8,CS,True,MATH-098,C+,MATH-115,A-,MATH-115,A-,MATH-121,B-,MATH-122,A,CIS-115,A-,CIS-121,D+,CIS-121,D+
097896f496674756bf336b00dcca0e18,CS,True,MATH-098,B+,MATH-115,D-,MATH-115,C-,MATH-121,C,MATH-122,A-,CIS-115,A-,CIS-121,B,CIS-122,B+
b9bb153cd42a465d90969b22ee94e0a2,CS,True,MATH-098,C-,MATH-098,B-,MATH-115,A-,MATH-115,A,CIS-115,C-,CIS-115,C+
dbbf2a3ee7c54db5859548246b263c53,CS,True,MATH-098,B,MATH-115,C-,MATH-115,C-,MATH-121,D+,MATH-121,C-,MATH-122,A,CIS-115,D-,CIS-115,C,CIS-121,B,CIS-122,A,CIS-223,A-
4d250a150008415f85802a6419905934,CS,True,MATH-098,F,MATH-098,F,MATH-115,C-,MATH-115,B,MATH-121,B-,MATH-122,B+,MATH-247,C+,MATH-280,B-,CIS-115,C-,CIS-115,C-
2a61e00ca42e4b029be63f14e959e894,CS,True,MATH-098,C-,MATH-098,C+,MATH-115,B,MATH-121,C+,CIS-115,C,CIS-121,A-,CIS-122,D,CIS-122,C
12a87b91b7c648d3ad644cdb64ec8617,CS,True,MATH-098,F,MATH-098,C,MATH-115,F,MATH-115,A,MATH-121,C,MATH-122,D+,MATH-122,B+,CIS-115,C,CIS-121,D+,CIS-121,C-
4634c1eabe834483a94e054d8739057f,CS,True,MATH-098,B+,MATH-115,D-,MATH-115,A-,MATH-121,D+,MATH-121,C,MATH-122,A-,MATH-247,F,MATH-247,C-,MATH-280,D-,MATH-280,B,CIS-115,C-,CIS-115,B+,CIS-121,A-,CIS-121,A-,CIS-122,B+
e820dfa6ffcb44bba2858b6cedf75595,CS,True,MATH-098,D,MATH-098,C+,MATH-115,D+,MATH-115,C+,MATH-121,D,MATH-121,D+,MATH-122,C+,CIS-115,C,CIS-121,D+,CIS-121,B-
91929f805d6d4fafbfa4eced2710420e,CS,True,MATH-098,F,MATH-098,D-,MATH-115,C-,MATH-115,C+,CIS-115,C-,CIS-115,C-,CIS-121,D-,CIS-121,D+,CIS-122,F,CIS-122,F,CIS-223,B-
cdc3470d0fb44d678f1405a5fd92029b,CS,True,MATH-098,B-,MATH-098,A,MATH-115,C+,MATH-121,A-,MATH-121,A,MATH-122,A-,MATH-247,F,MATH-247,A,CIS-115,C-,CIS-115,C,CIS-121,D,CIS-121,B,CIS-122,F,CIS-122,C
6fee4f240d4c4ee791229c30ff35e5dd,CS,True,MATH-098,F,MATH-098,B+,MATH-115,B+,MATH-121,A,MATH-121,A,MATH-122,D,MATH-122,D+,CIS-115,B,CIS-121,D,CIS-121,D+,CIS-122,D,CIS-122,C+
8ca38632ace24fb3bffa2f67c38585a9,CS,True,MATH-098,A,MATH-115,A,MATH-121,C-,MATH-121,C,MATH-122,B+,MATH-247,B,CIS-115,B-
0e065baf0f9e4175bd8ecb6b88f60655,CS,True,MATH-098,C,MATH-115,C-,MATH-115,B+,CIS-115,B+,CIS-121,B-,CIS-122,A,CIS-223,D,CIS-223,C-
2484c6ec5d9e487ab69f9d4f0bb0e3f8,CS,True,MATH-098,D,MATH-098,B+,MATH-115,C,MATH-121,B+,CIS-115,D,CIS-115,C-,CIS-121,C,CIS-122,C-,CIS-122,A,CIS-223,C-,CIS-223,C+,CIS-224,C-,CIS-224,A-
bab883ae52594bfb8af9fe9766b08692,CS,True,MATH-098,D-,MATH-098,B,MATH-115,B-,MATH-121,B+,MATH-122,D-,MATH-122,D+,MATH-247,C,MATH-280,F,MATH-280,F,CIS-115,B-,CIS-121,B+,CIS-122,C,CIS-223,C+,CIS-224,B-
d9dbaa2bf7df42cfaff1aedcc407cf8e,CS,True,MATH-098,C+,MATH-115,D,MATH-115,B,MATH-121,B+,MATH-122,C,MATH-247,D,MATH-247,B-,MATH-280,C+,CIS-115,D+,CIS-115,B,CIS-121,D-,CIS-121,B,CIS-122,C,CIS-122,B-,CIS-223,C+,CIS-224,D+,CIS-224,B
fd012fa55d2e4aaf88ee8d0e6c7b23e8,CS,True,MATH-098,D-,MATH-098,C-,MATH-115,F,MATH-115,B-,MATH-121,C,MATH-122,F,MATH-122,B,MATH-247,C+,CIS-115,B-,CIS-115,B-,CIS-121,D,CIS-121,B,CIS-122,A-
a5d87236cacc4f64916c720e804a1360,CS,True,MATH-098,D-,MATH-098,D-,MATH-115,C-,MATH-115,B+,CIS-115,D+,CIS-115,C+,CIS-121,C,CIS-122,B+
d7d89db185154a7ca215c7840fed3a33,CS,True,MATH-098,A-,MATH-115,B,CIS-115,D-,CIS-115,C+,CIS-121,B+,CIS-122,A-,CIS-223,B-,CIS-224,C-,CIS-224,C-
07a6102c9dcb4504b1c614d36c756829,CS,True,MATH-098,B,MATH-115,B-,MATH-115,B+,MATH-121,A,MATH-122,D+,MATH-122,B-,MATH-247,D+,MATH-247,B,MATH-280,B+,CIS-115,F,CIS-115,F,CIS-121,F,CIS-121,D,CIS-122,D+,CIS-122,C-,CIS-223,B,CIS-224,B
67bfde445272470c9c48a2a82436c7fe,CS,True,MATH-098,B+,MATH-115,C,MATH-115,B-,CIS-115,C+,CIS-121,B+,CIS-122,F,CIS-122,B+
4a181ec12b8b487b9cad1ab48e040446,CS,True,MATH-098,D+,MATH-098,B+,MATH-115,F,MATH-115,C,MATH-121,C,MATH-122,D-,MATH-122,D,MATH-247,A-,CIS-115,B+,CIS-121,A,CIS-122,D-,CIS-122,C+,CIS-223,A
34545c56ed154761a72e748c66da8eff,CS,True,MATH-098,D+,MATH-098,B+,MATH-115,C,MATH-121,A,MATH-122,D,MATH-122,C-,CIS-115,D+,CIS-115,B+,CIS-121,A-,CIS-122,A,CIS-223,D+,CIS-223,B,CIS-224,B-
f5b8fde4e6544fa580c5b46652b94663,CS,True,MATH-098,C,MATH-115,B,MATH-121,B,MATH-122,B-,MATH-247,D,MATH-247,C,CIS-115,C+,CIS-121,D,CIS-121,C+,CIS-122,D,CIS-122,B-,CIS-223,A
eca0f36cd698484f9f54e546a51d6725,CS,True,MATH-098,C+,MATH-115,C+,MATH-121,D+,MATH-121,B+,MATH-122,F,MATH-122,B-,CIS-115,D,CIS-115,B,CIS-121,A,CIS-122,C,CIS-223,C+,CIS-224,B-
ad5062903cf1489b9808b7ceb418a31d,CS,True,MATH-098,A-,MATH-115,B+,MATH-121,D,MATH-121,C+,CIS-115,F,CIS-115,A-,CIS-121,B,CIS-122,D+,CIS-122,A-
e8f23abada6f41f7a5208fb2ee2e80fa,CS,True,MATH-098,C-,MATH-098,A-,MATH-115,C-,MATH-115,B-,MATH-121,A-,CIS-115,C-,CIS-115,B-,CIS-121,D+,CIS-121,D+,CIS-122,B
cbd9c23114d743dca1f8137630112bd8,CS,True,MATH-098,D-,MATH-098,B,MATH-115,B+,MATH-121,D+,MATH-121,C+,MATH-122,B-,CIS-115,B-,CIS-121,C,CIS-122,F,CIS-122,B-,CIS-223,C-,CIS-223,A
689ee58cd6ef4d5d96a98ac747380f28,CS,True,MATH-098,A-,MATH-115,B-,MATH-121,C,MATH-122,B-,MATH-247,D+,MATH-247,B-,CIS-115,A-,CIS-121,A-,CIS-122,D+,CIS-122,D+
be5bfdec6907419185f0653d70f219e5,CS,True,MATH-098,D-,MATH-098,A-,MATH-115,C+,MATH-121,D+,MATH-121,D+,MATH-122,D,MATH-122,D,MATH-247,C,MATH-280,D-,MATH-280,D+,CIS-115,A-,CIS-121,B,CIS-122,C-,CIS-122,C+
e0fc2c1f9dc1443b86d7bf48bdc2f419,CS,True,MATH-098,D-,MATH-098,B-,MATH-115,A-,CIS-115,D+,CIS-115,C,CIS-121,B,CIS-122,B+,CIS-122,A,CIS-223,C-,CIS-223,C,CIS-224,D+,CIS-224,C
2db177f339b346f287fdcee0d8eba799,CS,True,MATH-098,C,MATH-115,C-,MATH-115,C+,MATH-121,C,CIS-115,C,CIS-121,D-,CIS-121,A,CIS-122,D,CIS-122,A,CIS-223,C+,CIS-224,F,CIS-224,A
c8a87d093a6246d39620a242d3cf82b2,CS,True,MATH-098,B+,MATH-115,C,CIS-115,B-,CIS-121,C-,CIS-121,B,CIS-122,B,CIS-122,A
b069ae68bcc5403993dccdad734b6dfc,CS,True,MATH-098,A-,MATH-115,A-,MATH-121,F,MATH-121,D,MATH-122,C,MATH-247,F,MATH-247,C,CIS-115,F,CIS-115,C,CIS-121,C,CIS-122,C-,CIS-122,C
c807e65b2a674658bc474d9282487599,CS,True,MATH-098,B+,MATH-115,C,MATH-121,B+,MATH-122,B,CIS-115,D+,CIS-115,A,CIS-121,A,CIS-122,B
8baefcfd8df44511989b521610d0bcaa,CS,True,MATH-098,D-,MATH-098,B-,MATH-115,C+,MATH-121,A,MATH-122,C,MATH-247,D+,MATH-247,C+,MATH-280,F,MATH-280,A,CIS-115,D+,CIS-115,C,CIS-121,D-,CIS-121,C+,CIS-122,B+
6a1b7ed76d404675896cda24212a5844,CS,True,MATH-098,A,MATH-115,B,MATH-121,A,MATH-122,D,MATH-122,C-,CIS-115,D+,CIS-115,C+,CIS-121,C+,CIS-122,A-,CIS-223,A,CIS-224,A-
c2222fa6a8bd4e46b65f43868d1c9fc9,CS,True,MATH-098,D+,MATH-098,B-,MATH-115,A,CIS-115,F,CIS-115,C+
07bced82d7394d25bca054f7a02497ab,CS,True,MATH-098,C-,MATH-098,B,MATH-115,A,CIS-115,D-,CIS-115,D-,CIS-121,B,CIS-122,F,CIS-122,B-
de01e4b149b842e48097a09ac41912ae,CS,True,MATH-098,D,MATH-098,C+,MATH-115,B-,MATH-121,C-,MATH-121,B-,MATH-122,B+,MATH-247,A-,CIS-115,B+
acd3cdc0904f4142925e7b85181a47ee,CS,True,MATH-098,D+,MATH-098,B+,MATH-115,C,CIS-115,C-,CIS-115,C-,CIS-121,C,CIS-122,D,CIS-122,D+,CIS-223,B-,CIS-224,F,CIS-224,B-
cb5f5ab8c9f946e8a5b5ed85b997d717,CS,True,MATH-098,C-,MATH-098,A-,MATH-115,C,MATH-121,F,MATH-121,C+,MATH-122,D-,MATH-122,B,MATH-247,D-,MATH-247,B+,MATH-280,F,MATH-280,D+,CIS-115,B,CIS-121,A-,CIS-122,A-,CIS-223,D+,CIS-223,C
54fa9e0c249043fe8a36fe30883a2c22,CS,False,MATH-098,C+,MATH-115,D-,MATH-121,C-,MATH-122,C-
2c20f1f020d7477ead0990b304918af7,CS,False,MATH-098,C,MATH-115,A-
0ddfe1633a0e4f1ba75621555274b200,CS,True,MATH-098,A,MATH-115,D+,MATH-121,A-,MATH-122,B-,MATH-247,D-,CIS-115,B-
011cc6da91804d59bd6e38de9627dcff,CS,False,MATH-098,C-,MATH-115,C-,MATH-121,D-,MATH-122,C+,MATH-247,C,MATH-280,B-
c9a4ec28cb0245da881713f5809b9e35,CS,False,MATH-098,A-,MATH-115,D-,MATH-121,C+,MATH-122,A,MATH-247,D+
56b4a196094440738de7b46e53fa0f46,CS,False,MATH-098,A-,MATH-115,B+
64c8cd1b5d094e699dccc48d4edba7bc,CS,True,MATH-098,B,MATH-115,A,MATH-121,C,MATH-122,D-,CIS-115,D+
11447afdc143470fa6e22949e5f149b6,CS,True,MATH-098,B,MATH-115,B-,CIS-115,D+
39c9b0a5604a4bf9bf78533792a0a5d3,CS,False,MATH-098,D-,MATH-115,B+,MATH-121,A,MATH-122,B+
9c7a8a09f32341259292ba236e2dc3c5,CS,False,MATH-098,F,MATH-115,C-,MATH-121,D-,MATH-122,B-,MATH-247,A,MATH-280,C-
55a2a109dc074fb1a2778aa60334c05f,CS,False,MATH-098,D+,MATH-115,F
ce8150596b254077951a3f617a47e85f,CS,True,MATH-098,D,MATH-115,B+,MATH-121,C+,MATH-122,C+,CIS-115,C+
39c4f188334c4ae0afc5d47f6955f7b8,CS,False,MATH-098,B+,MATH-115,B+,MATH-121,B+,MATH-122,D-
09464f3468cd4feea79637d30bbf8d08,CS,True,MATH-098,C-,MATH-115,A-,MATH-121,D-,MATH-122,F,MATH-247,C-,MATH-280,C,CIS-115,A
fd44d7d0f444465dbe7ab2437601bd4c,CS,False,MATH-098,A-,MATH-115,C,MATH-121,D-,MATH-122,C+
01e5e84ecf18437fa42ecb6823966a1f,CS,False,MATH-098,A
ada20320b1444514a575ad18a9d5346f,CS,False,MATH-098,B,MATH-115,C
a1b3700beb8748a085e12a14ea30f871,CS,False,MATH-098,B,MATH-115,C,MATH-121,B+,MATH-122,D
b226d0b4de974dc4a60cf2e6110b8ad8,CS,False,MATH-098,B,MATH-115,D,MATH-121,D,MATH-122,A
11f0d3ff3cc04102ba97fc843df522e8,CS,True,MATH-098,B+,MATH-115,D,CIS-115,B+
5a2fbcc8e1be483baf062ef436af5fa1,CS,False,MATH-098,D,MATH-115,D-,MATH-121,B+,MATH-122,C
03fb18245dee431fa874e4506572bc25,CS,False,MATH-098,C+,MATH-115,A,MATH-121,C+,MATH-122,D,MATH-247,D
d8ce404158b74289a05963862eb7363e,CS,False,MATH-098,B-,MATH-115,B+,MATH-121,F,MATH-122,C+,MATH-247,C
9c82b71a9e724f289e8e24fa9cbb67de,CS,False,MATH-098,A,MATH-115,C+
68d1c04d404f475088d7deea877d788a,CS,False,MATH-098,C
d783bdf443cd44528e36da48de04b4f1,CS,False,MATH-098,A-,MATH-115,C+,MATH-121,A,MATH-122,D,MATH-247,D+
3cf8519959e343c4b29526d752fcd5c0,CS,False,MATH-098,B+,MATH-115,A-,MATH-121,D-,MATH-122,C,MATH-247,D,MATH-280,B+
0105d93babdd4787ae8a0c288530c8e0,CS,False,MATH-098,A,MATH-115,C,MATH-121,B-,MATH-122,D-
4c52cc600688423ea71735e58ead7c66,CS,False,MATH-098,B+,MATH-115,D-,MATH-121,D,MATH-122,C,MATH-247,C+,MATH-280,C
d1aae00a25c74b2095eac26b4c6d37b6,CS,True,MATH-098,B+,MATH-115,C-,MATH-121,D-,MATH-122,C-,MATH-247,A-,CIS-115,A
dcb6700581364ff8bc1a1484e67a9620,CS,False,MATH-098,C,MATH-115,C-,MATH-121,C
719a3d1182d34c39864148c051d46e52,CS,False,MATH-098,A-,MATH-115,D,MATH-121,C+,MATH-122,A,MATH-247,D-,MATH-280,A
0992d96d8f6344aa9c6835c18742765a,CS,False,MATH-098,C,MATH-115,A
04eee6047a8f4f07bede529ccb9b9697,CS,False,MATH-098,D-,MATH-115,D,MATH-121,B-,MATH-122,B+,MATH-247,A-,MATH-280,D
970b56f7555247f0b524cfb9614479a4,CS,True,MATH-098,F,MATH-115,B+,MATH-121,A,MATH-122,D+,CIS-115,D+
c468cc14a5fa443cbde998c4afd2a385,CS,False,MATH-098,A-
9fcf337604364edd80756e0466038bfd,CS,False,MATH-098,F,MATH-115,D-
82088d645fee4ff999527689e466bd56,CS,False,MATH-098,F,MATH-115,D,MATH-121,D
5363fb85f51342d688e6a97e5976b90e,CS,False,MATH-098,B-,MATH-115,D,MATH-121,D,MATH-122,C,MATH-247,C+,MATH-280,A
eecd20df35754b1ea29e2192da94b6ac,CS,False,MATH-098,C+,MATH-115,C-,MATH-121,B,MATH-122,C,MATH-247,D+,MATH-280,B
e48d5ec21b034c99b45171cda9a90d9b,CS,False,MATH-098,D+
9225f7d82369491394fb3306baa4df81,CS,True,MATH-098,D+,MATH-115,A,MATH-121,D,MATH-122,C-,CIS-115,C
6fd5e2b792cf4d7c91e46defbf47472d,CS,False,MATH-098,D-,MATH-115,C-,MATH-121,C-,MATH-122,B+,MATH-247,D,MATH-280,B-
a750a7cd2d3941a3915fa3d31b81fae8,CS,False,MATH-098,D-,MATH-115,F,MATH-121,A,MATH-122,B-
f8d56cff66274a18ae61628d822039a2,CS,True,MATH-098,C+,MATH-115,C-,MATH-121,B,MATH-122,B-,MATH-247,C,CIS-115,A-
b5dfa589f5654de4880075b3100e9754,CS,False,MATH-098,B,MATH-115,F,MATH-121,D+
50222e41dadd4b4b956b805517ece238,CS,True,MATH-098,D-,CIS-115,A-
b75db6d9d36748c4b5296a5e06dcc6ae,CS,False,MATH-098,A,MATH-115,D,MATH-121,F
d4ccef79a303424cb35f2e0090eee8aa,CS,False,MATH-098,B-
54308ff5f622442d847b036d53603633,CS,False,MATH-098,C-,MATH-115,D+
eb695261201547fc9e8d57ffa8c56a00,CS,False,MATH-098,C,MATH-115,C-,MATH-121,C,MATH-122,C-,MATH-247,B,MATH-280,D+
019df656c9a546679c053607c271cb7c,CS,True,MATH-098,A-,MATH-115,D+,MATH-121,D-,MATH-122,B+,MATH-247,C-,MATH-280,A,CIS-115,D+
b99b6f8c3e48486b8d7cbd878dbe5f5b,CS,True,MATH-098,C-,MATH-115,D+,MATH-121,F,CIS-115,C+
05656e910267485b944b20eadbc36839,CS,False,MATH-098,D,MATH-115,A-,MATH-121,C+,MATH-122,B+,MATH-247,C,MATH-280,C-
cc8dd50c5d45477f8c34fa8be308d4ef,CS,False,MATH-098,A-,MATH-115,C
0b5079d4963b4a368ba86cc5f92af996,CS,False,MATH-098,C,MATH-115,B-,MATH-121,C-,MATH-122,D,MATH-247,D+
5aaab4926ee6483a8d2311472488145d,CS,False,MATH-098,A-,MATH-115,C+,MATH-121,C+
fc126c0edd3d4478a0c812817055701f,CS,True,MATH-098,C,MATH-115,B-,MATH-121,B-,CIS-115,F
adf1b879da784f099addbbbee3f1a9a3,CS,False,MATH-098,D,MATH-115,A-,MATH-121,B+,MATH-122,F,MATH-247,C+
139682e7680d4f618021a7127da69b39,CS,False,MATH-098,A-,MATH-115,A-
48c7d0676e7445afbb957d7c1e6abb76,CS,False,MATH-098,C-,MATH-115,D+,MATH-121,A-,MATH-122,B+
650bd2019e7949fd947d8cc1aa3cde2e,CS,False,MATH-098,A,MATH-115,D+,MATH-121,C
5f6532de0c55409994d78994d3226b57,CS,False,MATH-098,D-,MATH-115,B,MATH-121,B,MATH-122,D+
347a63677d4f40729cdbbd9a5ffebe26,CS,False,MATH-098,F,MATH-115,F,MATH-121,A-
dff78897d40e4d7a889343593f354f65,CS,True,MATH-098,B,MATH-115,B-,CIS-115,B-
d202bcabd05649058902b36339b75f05,CS,False,MATH-098,F,MATH-115,B,MATH-121,F,MATH-122,C
f65700ef66a04db4b6ca94d5c63c7f68,CS,False,MATH-098,C,MATH-115,B,MATH-121,D,MATH-122,B-,MATH-247,D,MATH-280,D+
3326956724434a16a5c35c759375d52a,CS,False,MATH-098,B-,MATH-115,C
9139b04a65a34392b5a8f886457a8ee0,CS,False,MATH-098,F,MATH-115,C+,MATH-121,C,MATH-122,A
01abe18fe2744da697a8f3bcc3cd100c,CS,False,MATH-098,F
c2470bb61c31499c9597a2cebef400d3,CS,False,MATH-098,B-,MATH-115,A-,MATH-121,A-,MATH-122,C+,MATH-247,B,MATH-280,D-
939f9f2f9896472a84359b5bc5ecb2a4,CS,True,MATH-098,C,MATH-115,C,MATH-121,C-,MATH-122,A,MATH-247,F,MATH-280,D+,CIS-115,B
9fd559cd85c7459a935ae5f703dc9cc8,CS,False,MATH-098,C-,MATH-115,B,MATH-121,C
cadd21f7edd847bc9279b4e4276d0080,CS,False,MATH-098,B,MATH-115,B+,MATH-121,C-,MATH-122,A
fbfd620d8833469abe5fe7a3023b2320,CS,False,MATH-098,C+,MATH-115,F,MATH-121,B,MATH-122,C+
0e403e6502c747008580eba65bf614a3,CS,False,MATH-098,F,MATH-115,B,MATH-121,C-,MATH-122,A-
b581ceb459ea46ef97da80c8c84b5a57,CS,False,MATH-098,C-,MATH-115,A-,MATH-121,D-,MATH-122,C-,MATH-247,C+
fa86f3face324674a78841329c793825,CS,False,MATH-098,D,MATH-115,D-,MATH-121,C,MATH-122,D+,MATH-247,F,MATH-280,D
e7f608e184e740098d61d1c923fcc433,CS,False,MATH-098,C
ea52bec4ecc248a5b05a4ecedc501ed9,CS,True,MATH-098,A,MATH-115,B-,CIS-115,D
b1eb879c12954890930d622b04f8959a,CS,False,MATH-098,A,MATH-115,C-,MATH-121,C-,MATH-122,D-,MATH-247,C-
6354f03854494cac9585d2d23f45a138,CS,False,MATH-098,D-,MATH-115,F,MATH-121,F,MATH-122,D,MATH-247,A-,MATH-280,D-
f6c1b9da59c94925944ab93498374bdb,CS,False,MATH-098,D-
45d62439301242f6bb4b3087f24f7a1c,CS,False,MATH-098,B+,MATH-115,B-
2ce68d13a1cb492a92d1799ead512b44,CS,True,MATH-098,A-,MATH-115,D,MATH-121,D-,MATH-122,F,CIS-115,D-
a529e7be6a7f41809a5209521d183304,CS,False,MATH-098,D-,MATH-115,C
c12330c9735e4c1b97bbaa2b927ce4c4,CS,True,MATH-098,A,MATH-115,C,MATH-121,B-,CIS-115,D+
fe241963c2a24f919fb5f969e02299b6,CS,True,MATH-098,C-,MATH-115,D,MATH-121,D+,MATH-122,D-,MATH-247,D,CIS-115,D-
638e85b131b1433b9dfefb0927c3f48a,CS,False,MATH-098,C+,MATH-115,B
d0ecedac35224fe09d4e8cdf610e79af,CS,False,MATH-098,C-,MATH-115,B,MATH-121,A-,MATH-122,D
035471a630da446580ec26dca0c250ee,CS,False,MATH-098,B-,MATH-115,D-
f0ba677f2d4e44caba6e14f26c3bb4a6,CS,False,MATH-098,C-,MATH-115,B+
92fe60441b8f4d09b8a93a50b4bee864,CS,False,MATH-098,D,MATH-115,B,MATH-121,A-
1fcc57b2a05042eb8c9f91dd132f0352,CS,False,MATH-098,C+,MATH-115,C,MATH-121,D,MATH-122,D-,MATH-247,D+,MATH-280,D
c952a0fcbe654db4a408ef6010fc742d,CS,False,MATH-098,A,MATH-115,C,MATH-121,F,MATH-122,B,MATH-247,A-,MATH-280,F
7cf68e211c5c4874858331cc4541d2a2,CS,False,MATH-098,B-
59f2c3283c564b248ac327021bfc21c5,CS,False,MATH-098,B-,MATH-115,D+,MATH-121,B+,MATH-122,A-,MATH-247,D+,MATH-280,F
d1bbc03517d54a9f8dbc67be7499a270,CS,False,MATH-098,D-,MATH-115,C,MATH-121,A-
302735841a5a4ed4a21d1899fb1d7a59,CS,False,MATH-098,D+,MATH-115,C+,MATH-121,C+,MATH-122,D,MATH-247,A,MATH-280,C
1fe64b64272e40ac85c00256852e7279,CS,True,MATH-098,D+,MATH-115,B-,MATH-121,A-,MATH-122,C+,MATH-247,D-,MATH-280,C-,CIS-115,A
92e0ac7f92e245979efdf54ad4a167e9,CS,False,MATH-098,D-,MATH-115,A-,MATH-121,B,MATH-122,D-,MATH-247,B-
e4cb89cac08a495aba5835c3ac56c25c,CS,False,MATH-098,A-,MATH-115,B-,MATH-121,F,MATH-122,F,MATH-247,B,MATH-280,D
d5df0efa0f624300a5d9d14d75531ce3,CS,False,MATH-098,B+,MATH-115,A-,MATH-121,A,MATH-122,C-,MATH-247,C+,MATH-280,C-
b572b364c5e44cb2b0586983339b9260,CS,True,MATH-098,D,MATH-115,D,CIS-115,F
1af57665879d49fa8a36fc3994000704,CS,False,MATH-098,C
e13a6823658c4dec95d7b0ed406f3833,CS,False,MATH-098,B,MATH-115,B+
d9d089edb21b42a58f824f31d3b67a66,CIT,True,MATH-098,A-,CIS-115,C+,CIS-121,D-,CIS-121,A
98ad4c2656234ee0b0631d7343476b28,CIT,True,MATH-098,D,MATH-098,C,MATH-115,F,MATH-115,D+,CIS-115,C+,CIS-121,D,CIS-121,B
7465db3f1af643a5a5612d2c0871f6fd,CIT,True,MATH-098,D,MATH-098,B,MATH-115,B+,CIS-115,B
063c253b7d8b4bdf9b66740003db61f0,CIT,True,MATH-098,B-,MATH-115,B-,MATH-121,D+,MATH-121,C+,CIS-115,C-,CIS-115,A-,CIS-121,B,CIS-122,C+
a4710d51020e42ee8ced3052b75c2c4a,CIT,True,MATH-098,A,MATH-115,D,MATH-115,C+,CIS-115,A,CIS-121,C-,CIS-121,C,CIS-122,C,CIS-223,D,CIS-223,D
d0f356bba84048118978b7bcf23a16ca,CIT,True,MATH-098,C+,MATH-115,B-,CIS-115,C,CIS-121,C+,CIS-122,D-,CIS-122,A
3f5c4225051549c0924dd15290b8e571,CIT,True,MATH-098,D-,MATH-098,A-,CIS-115,B+,CIS-115,A,CIS-121,A,CIS-122,D-,CIS-122,A,CIS-223,C,CIS-224,D-,CIS-224,D+
5769b4304f464997875a9e5562f5b761,CIT,True,MATH-098,C,CIS-115,D,CIS-115,C+,CIS-121,F,CIS-121,B-,CIS-122,B-,CIS-223,B,CIS-223,B+
b086ad70e4994c08927cb32bd4e95155,CIT,True,MATH-098,D,MATH-098,B-,MATH-115,C,CIS-115,A,CIS-115,A,CIS-121,C-,CIS-121,C+,CIS-122,D,CIS-122,A
b1f570ecbcdb4faba1ad59c7e2d47334,CIT,True,MATH-098,B+,MATH-115,C,MATH-121,C-,MATH-121,B+,CIS-115,D-,CIS-115,C,CIS-121,C-,CIS-121,B-,CIS-122,B
8d8866751a1740458a8b950548886add,CIT,True,MATH-098,B+,MATH-115,A-,CIS-115,B,CIS-121,D+,CIS-121,B,CIS-122,B+
d24f20765a334dee91bf6bb53f262111,CIT,True,MATH-098,B,MATH-115,C-,MATH-115,B-,CIS-115,C-,CIS-115,B,CIS-121,A-,CIS-122,C-,CIS-122,C,CIS-223,D-,CIS-223,B,CIS-224,D,CIS-224,B
9e85cd8dfd46429296d11532744448af,CIT,True,MATH-098,D+,MATH-098,B,MATH-115,C,CIS-115,D,CIS-115,B+,CIS-121,D,CIS-121,B
f0553a1188844282900d7f118d4c9aac,CIT,True,MATH-098,F,MATH-098,C,CIS-115,A-
a62c81b7c8234ad8900d705690b5443c,CIT,True,MATH-098,D,MATH-098,B+,CIS-115,C-,CIS-115,A-,CIS-121,F,CIS-121,B+
bcad73e602d64578a45fa6e22483430b,CIT,True,MATH-098,B,CIS-115,A-,CIS-121,B,CIS-122,A
5a97175b38d342e098e2fee25201d605,CIT,True,MATH-098,A,CIS-115,A,CIS-121,C,CIS-122,B-,CIS-223,D+,CIS-223,A-
a4a8622a8cbd413fa11e3c894e70bf83,CIT,True,MATH-098,B,MATH-098,B,MATH-115,C-,MATH-115,B+,MATH-121,D+,MATH-121,A,CIS-115,D+,CIS-115,B,CIS-121,C-,CIS-121,C,CIS-122,C+,CIS-223,C-,CIS-223,A-
183cbf1096934a2098dac587b3d8a21a,CIT,True,MATH-098,C-,MATH-098,C+,CIS-115,D+,CIS-115,B-,CIS-121,C-,CIS-121,B-,CIS-122,C,CIS-223,B+
d1359dafefac472f9d2b0298c75bdaec,CIT,True,MATH-098,D-,MATH-098,B-,MATH-115,B+,MATH-121,C-,MATH-121,A,CIS-115,C-,CIS-115,B-,CIS-121,C-,CIS-121,C+,CIS-122,B
3c5246115d624018bf0f3a0f4c701efb,CIT,True,MATH-098,B,MATH-115,B+,CIS-115,D+,CIS-115,B,CIS-121,A-,CIS-122,D,CIS-122,B+,CIS-223,C+,CIS-224,A-
b8a2db35c8bb48bbbac82aaa7928a06d,CIT,True,MATH-098,A,MATH-115,A,CIS-115,C-,CIS-115,A
2fbbc49c2f604f9fac59a6beb4548ee3,CIT,True,MATH-098,C+,CIS-115,B-,CIS-121,B+,CIS-122,D,CIS-122,C+,CIS-223,C,CIS-224,A
9bbd166111d34a6d9550457208f62e6f,CIT,True,MATH-098,C-,MATH-098,A-,MATH-115,C-,MATH-115,C+,CIS-115,B+,CIS-121,C-,CIS-121,B+
5559dffb93da461b9e23d6efcbfed10a,CIT,True,MATH-098,D,MATH-098,C+,MATH-115,D,MATH-115,B+,CIS-115,A,CIS-115,A,CIS-121,F,CIS-121,B
0db5d364ce0d4bb6b3ea542ebe32da3f,CIT,True,MATH-098,A,MATH-115,B,MATH-121,D-,MATH-121,D+,CIS-115,A,CIS-121,F,CIS-121,C-,CIS-122,C+
758bac1a307c4f46bdfad124799afbad,CIT,True,MATH-098,F,MATH-098,C-,MATH-115,A,CIS-115,D+,CIS-115,B,CIS-121,B-,CIS-122,C
9df2d89d006643b2972c57686b664bab,CIT,True,MATH-098,B-,MATH-098,B,CIS-115,D-,CIS-115,A
14abe3471944436a94cce92e04d58427,CIT,True,MATH-098,D+,MATH-098,A,MATH-115,D+,MATH-115,D+,MATH-121,C+,CIS-115,B-,CIS-121,B-
a96d944ca319419e8c7cc510daa73db8,CIT,True,MATH-098,B-,CIS-115,F,CIS-115,B+,CIS-121,D,CIS-121,B-,CIS-122,D-,CIS-122,C-
16f76696949543388a6ef919ad33d09a,CIT,True,MATH-098,D-,MATH-098,D-,MATH-115,F,MATH-115,D-,MATH-121,C-,MATH-121,A,CIS-115,B+,CIS-121,D+,CIS-121,A-,CIS-122,D-,CIS-122,C+,CIS-223,D+,CIS-223,B,CIS-224,B
0d7241c3b7b046f0a9a18782d599451e,CIT,True,MATH-098,F,MATH-098,A,CIS-115,B+,CIS-121,D-,CIS-121,A,CIS-122,D,CIS-122,A-,CIS-223,B,CIS-224,B+
576b411020a94751ad49f2ee0a6fe4fd,CIT,True,MATH-098,C,MATH-115,D-,MATH-115,A-,MATH-121,D-,MATH-121,B-,CIS-115,A-,CIS-121,C+,CIS-122,D-,CIS-122,A,CIS-223,A,CIS-224,D-,CIS-224,C
14c226f2f7fb49d9b52ec870563f6edc,CIT,True,MATH-098,C-,MATH-098,C-,CIS-115,A-
a6d07840f0aa489183d5cf9153767ed0,CIT,True,MATH-098,D+,MATH-098,B,MATH-115,D-,MATH-115,B+,MATH-121,B-,MATH-121,A-,CIS-115,A,CIS-121,D-,CIS-121,A,CIS-122,C-,CIS-122,C+,CIS-223,D-,CIS-223,B+
6546ae1a7c314aeda9be224adfdac806,CIT,True,MATH-098,F,MATH-098,F,MATH-115,D,MATH-115,B-,CIS-115,B,CIS-121,F,CIS-121,C,CIS-122,C+,CIS-223,C-,CIS-223,B-,CIS-224,B-
e8de3a3933634ab9aa6177bb1b44d040,CIT,True,MATH-098,A,CIS-115,C+,CIS-121,B-,CIS-122,A-,CIS-223,B
56d15ac29c59426cb51ea4a888e2fa20,CIT,True,MATH-098,B-,CIS-115,B+,CIS-121,C+,CIS-122,B-,CIS-223,A-,CIS-224,C+
dd23a2e13a5547da8ddae5040f2be359,CIT,True,MATH-098,C-,MATH-098,C,CIS-115,C-,CIS-115,B,CIS-121,B+,CIS-122,D-,CIS-122,D,CIS-223,A-,CIS-224,D+,CIS-224,A-
29477d3f47084a73b12eee1e671b435e,CIT,True,MATH-098,C+,CIS-115,D,CIS-115,C+,CIS-121,F,CIS-121,B,CIS-122,C-,CIS-122,A
f0886c8df05a4f099a9e5721e9da9183,CIT,True,MATH-098,A,CIS-115,A-,CIS-121,A,CIS-122,C-,CIS-122,B,CIS-223,C-,CIS-223,A
3c8f6b3017fa4587b2e18f821057a856,CIT,True,MATH-098,C+,MATH-115,B-,MATH-121,D,MATH-121,C+,CIS-115,A,CIS-121,C-,CIS-121,A-,CIS-122,A
d4f0261a3d744dea96bb840f9483738d,CIT,True,MATH-098,B,CIS-115,B+,CIS-121,B,CIS-122,A-,CIS-223,B+
ea27cc88c717411787cc6db0cc67a362,CIT,True,MATH-098,D-,MATH-098,D,CIS-115,B,CIS-121,A
7f43f68878be4778a4ebe0629790faa4,CIT,True,MATH-098,C,CIS-115,D,CIS-115,A-,CIS-121,B,CIS-122,D+,CIS-122,A,CIS-223,C+
c6895ce36c5a4ac5a4e317daced4d59b,CIT,True,MATH-098,B-,CIS-115,B+,CIS-121,C-,CIS-121,C+,CIS-122,D-,CIS-122,C-
bd9a0d88b4a04019b22e164853c30715,CIT,True,MATH-098,C+,MATH-115,C+,CIS-115,C+,CIS-115,A-,CIS-121,B
cc4686a28a6b450d8c3d04889f1cf817,CIT,True,MATH-098,D,MATH-098,C+,CIS-115,B
47519300609449589f14b5726bdf5ffa,CIT,True,MATH-098,A-,MATH-115,A-,MATH-121,C,CIS-115,F,CIS-115,C,CIS-121,B+,CIS-122,C-,CIS-122,C-,CIS-223,C-,CIS-223,A-
e519ccefede84254ae37679b7a78c552,CIT,True,MATH-098,D,MATH-098,C,MATH-115,D+,MATH-115,A-,MATH-121,C,CIS-115,C+,CIS-121,A-,CIS-122,C+
d64841bb1ea648599dc0004271020191,CIT,True,MATH-098,A,MATH-115,D-,MATH-115,A,MATH-121,B,CIS-115,B,CIS-121,D-,CIS-121,D-,CIS-122,B-
7b1f921a8d7744fc9268e37d50fc6f0e,CIT,True,MATH-098,C+,MATH-115,C-,MATH-115,C-,CIS-115,A
161dc90a1784439ebd9846234d76dc95,CIT,True,MATH-098,D-,MATH-098,C-,MATH-115,B+,CIS-115,A-,CIS-121,A-,CIS-122,C,CIS-223,D,CIS-223,C+
d8722b94c91a4972b5148918730a8a33,CIT,True,MATH-098,F,MATH-098,B-,MATH-115,C+,MATH-121,A,CIS-115,A,CIS-121,B-,CIS-122,C-,CIS-122,C+
4377ac17338b4f30aaf0ec7d2666c985,CIT,True,MATH-098,A,MATH-115,C,MATH-121,F,MATH-121,B-,CIS-115,C+,CIS-121,D-,CIS-121,C-,CIS-122,D,CIS-122,C
f51643da15424756af1481b581fdebb5,CIT,True,MATH-098,A,MATH-115,A,MATH-115,A,MATH-121,C-,MATH-121,A,CIS-115,F,CIS-115,A,CIS-121,D+,CIS-121,D+
532573c99ec446aea20182250567df22,CIT,True,MATH-098,B,MATH-098,A-,MATH-115,D+,MATH-115,A,MATH-121,A-,CIS-115,B-,CIS-121,F,CIS-121,C+,CIS-122,B
409416ae875644589af12ee1e0a6c03f,CIT,True,MATH-098,C,MATH-115,C,MATH-121,D,MATH-121,C+,CIS-115,B,CIS-121,C-,CIS-121,C-,CIS-122,D+,CIS-122,C+
41377c3202b6459fb7c8607993f5373f,CIT,True,MATH-098,C,MATH-115,B-,CIS-115,D-,CIS-115,C,CIS-121,C+,CIS-122,C-,CIS-122,A-,CIS-223,B+,CIS-224,C-,CIS-224,C
c5a1c7f510854acbbfeb72006fc0e3aa,CIT,True,MATH-098,D-,MATH-098,B,MATH-115,F,MATH-115,D+,CIS-115,B+,CIS-121,C-,CIS-121,B+
62f0de1f14264ee9b161a12da1689538,CIT,True,MATH-098,B-,CIS-115,B+
2b154c76a50d4e5d9fae0ea61be60483,CIT,True,MATH-098,D,MATH-098,B-,MATH-115,C-,MATH-115,A,MATH-121,D,MATH-121,B+,CIS-115,B-,CIS-121,C+
afa0bea7f8a949d493d36e49d8f26f74,CIT,True,MATH-098,D,MATH-098,B-,MATH-115,D-,MATH-115,C,MATH-121,C,CIS-115,A-,CIS-121,A
70e4729883e04ad69fd8aa28062161d0,CIT,True,MATH-098,A-,MATH-115,D,MATH-115,C-,MATH-121,B,CIS-115,D+,CIS-115,C+,CIS-121,C,CIS-122,C,CIS-223,D-,CIS-223,B-
eab27c57320247c2a970f62350e1ccec,CIT,True,MATH-098,D+,MATH-098,A-,CIS-115,D+,CIS-115,D+,CIS-121,D+,CIS-121,B,CIS-122,C-,CIS-122,B+,CIS-223,B+,CIS-224,D,CIS-224,C-
6c2637ce9d894660ab59b45c4125db5f,CIT,True,MATH-098,C+,CIS-115,A-,CIS-121,C,CIS-122,C+,CIS-223,B-
64ad059bdc734c6997e7598235d8e703,CIT,True,MATH-098,C-,MATH-098,B+,CIS-115,C,CIS-121,D,CIS-121,B-,CIS-122,D,CIS-122,B-
3ec1762417cf4e53920d9b88b9f2a8c2,CIT,True,MATH-098,F,MATH-098,D+,MATH-115,D,MATH-115,A,CIS-115,B+,CIS-121,F,CIS-121,C-,CIS-122,D+,CIS-122,B,CIS-223,A-
117e8b12457944a0a4e348b7c8ae410f,CIT,True,MATH-098,C-,MATH-098,C,MATH-115,D-,MATH-115,B+,MATH-121,D-,MATH-121,B+,CIS-115,F,CIS-115,F,CIS-121,C,CIS-122,F,CIS-122,B,CIS-223,D+,CIS-223,A
d40682d6e9c04e2ea63fd34fa14ef29c,CIT,True,MATH-098,F,MATH-098,C+,MATH-115,B,CIS-115,C+
2d5bf77a0444429092be92962079f59e,CIT,True,MATH-098,D,MATH-098,D,MATH-115,B+,MATH-115,A-,MATH-121,A-,CIS-115,D+,CIS-115,C+,CIS-121,D,CIS-121,D+
8caa5bfbed6647aea65202cfbd07b61a,CIT,True,MATH-098,C-,MATH-098,B+,MATH-115,B-,MATH-121,D,MATH-121,C+,CIS-115,F,CIS-115,C,CIS-121,B,CIS-122,F,CIS-122,B-
a8ae587f788549058b29b4d86479f8db,CIT,True,MATH-098,B+,MATH-115,A,MATH-121,C,CIS-115,C+,CIS-121,C-,CIS-121,A-,CIS-122,D+,CIS-122,B,CIS-223,A,CIS-224,D,CIS-224,C-
302606600ac04ceeaf409ecc35fbdf29,CIT,True,MATH-098,D,MATH-098,C+,CIS-115,B-,CIS-115,B,CIS-121,D-,CIS-121,A-
910f06f0b5094998936bfe3519c33897,CIT,True,MATH-098,F,MATH-098,F,CIS-115,C+
5c5b6bc6b88542ed82d72f4ac503af03,CIT,True,MATH-098,F,MATH-098,B+,MATH-115,C+,CIS-115,A,CIS-121,B+
9a24a2c1c26b486c8963dcc6ef4adcf4,CIT,True,MATH-098,C,MATH-115,C,MATH-121,B-,CIS-115,C
bf7db0b9b86e4d05ae6a87673b62ad3f,CIT,True,MATH-098,C-,MATH-098,C,MATH-115,D,MATH-115,C+,CIS-115,B,CIS-121,B,CIS-122,B-,CIS-223,A,CIS-224,A-
825c269fccd24d488349e94244da4fe1,CIT,True,MATH-098,C,MATH-115,A,MATH-121,F,MATH-121,C,CIS-115,A,CIS-121,D,CIS-121,D+,CIS-122,F,CIS-122,B-,CIS-223,D,CIS-223,B,CIS-224,D+,CIS-224,D+
4eef9c3fe34d44a6a7af862b0854382f,CIT,True,MATH-098,B,MATH-115,C+,MATH-121,D+,MATH-121,A-,CIS-115,C+
514c822a17224542bd6bde931ab0a3a1,CIT,True,MATH-098,C-,MATH-098,A,MATH-115,C-,MATH-115,B-,CIS-115,D+,CIS-115,C+,CIS-121,D+,CIS-121,A,CIS-122,B-
ddf73e611dce49e2b51d941dba05be20,CIT,True,MATH-098,C-,MATH-098,A,MATH-115,B,CIS-115,F,CIS-115,B+,CIS-121,A,CIS-122,B
3f12e7495e7f4092af2a81ac019f2183,CIT,True,MATH-098,A-,CIS-115,D-,CIS-115,B,CIS-121,C-,CIS-121,C+,CIS-122,D+,CIS-122,B,CIS-223,C-,CIS-223,B-,CIS-224,B+
c97b37996a16422781789d18a2243c38,CIT,True,MATH-098,C+,MATH-115,A-,MATH-115,A,CIS-115,C-,CIS-115,C
3e5c3c124c7d403b9c4c3cf6dc799c66,CIT,True,MATH-098,A-,CIS-115,C-,CIS-115,A,CIS-121,B-,CIS-122,B-
56ee4ec3f9a24ee09a4b774f56005da6,CIT,True,MATH-098,F,MATH-098,B,MATH-115,B,CIS-115,C-,CIS-115,B,CIS-121,C+
514d2def948844a298c54123240243fd,CIT,True,MATH-098,D+,MATH-098,A-,CIS-115,A-,CIS-121,B-,CIS-122,C,CIS-223,A,CIS-224,A
486df536c4d34396bbd2f059f4fb9ed5,CIT,True,MATH-098,F,MATH-098,A-,MATH-115,B,MATH-115,B,CIS-115,D-,CIS-115,C+,CIS-121,C+,CIS-122,D,CIS-122,B-
4d0645fd620048b3a659acbedf014554,CIT,True,MATH-098,C,CIS-115,B-,CIS-121,B,CIS-122,A,CIS-122,A,CIS-223,B,CIS-224,D-,CIS-224,A
745cb11499734e92b5f9aed2447bfff0,CIT,True,MATH-098,C-,MATH-098,B-,MATH-115,B,MATH-121,A-,CIS-115,A-,CIS-121,F,CIS-121,C-,CIS-122,F,CIS-122,B+
5c9b62a7e70240059537d9589e3c7841,CIT,True,MATH-098,D+,MATH-098,D+,MATH-115,D+,MATH-115,A-,MATH-121,D,MATH-121,C+,CIS-115,D+,CIS-115,C,CIS-121,D-,CIS-121,D+,CIS-122,C,CIS-223,B-,CIS-224,D-,CIS-224,C-
7aaaab7558024b6fab9663d642f7d71d,CIT,True,MATH-098,B,MATH-115,B+,CIS-115,D+,CIS-115,C-,CIS-121,D,CIS-121,B-,CIS-122,D-,CIS-122,C+
a47f1658482c40e0a909d464ce1afab8,CIT,True,MATH-098,A,MATH-115,B,MATH-115,A-,MATH-121,D,MATH-121,D,CIS-115,A-,CIS-121,C+,CIS-122,B+,CIS-223,B
915a491219c2423d802da953bd30c978,CIT,True,MATH-098,D+,MATH-098,C+,MATH-115,B+,CIS-115,A,CIS-121,B-,CIS-122,F,CIS-122,D
8a3680eb1e7a40cea1ae13700f7f5ce6,CIT,True,MATH-098,C-,MATH-098,B+,MATH-115,D+,MATH-115,A,MATH-121,B+,CIS-115,B-,CIS-121,C+
f1f1cc3cdb844af7884c60145ecfac94,CIT,True,MATH-098,C+,MATH-115,D,MATH-115,D+,CIS-115,C-,CIS-115,B
bbd14bdc3c1e4bafafa83fc7678c6017,CIT,True,MATH-098,B+,MATH-115,C-,MATH-115,B-,MATH-121,B-,CIS-115,A
7a0c100537c14c59ab0c9c78b7dea6a0,CIT,True,MATH-098,A,MATH-115,A-,MATH-121,C,CIS-115,D+,CIS-115,B,CIS-121,D-,CIS-121,B-,CIS-122,B+
1a8ff375ab244a03ab50953c1774e24d,CIT,True,MATH-098,C-,MATH-098,C-,CIS-115,B+,CIS-121,D,CIS-121,B+
c5bf89267d9744aa93508b772e21051e,CIT,True,MATH-098,A,MATH-115,B+,MATH-115,B+,MATH-121,F,MATH-121,D,CIS-115,B-,CIS-115,A-,CIS-121,D+,CIS-121,D+,CIS-122,B+,CIS-223,D+,CIS-223,C+
0b57066564d242ebac92719059f9c426,CIT,True,MATH-098,D+,MATH-098,A,MATH-115,B,CIS-115,C-,CIS-115,C
e9a1c9eecb7d480785eee4b644550f85,CIT,True,MATH-098,A,MATH-115,B,CIS-115,B+
321d51b38f12458596d67f9c5e33108f,CIT,True,MATH-098,A-,MATH-115,D,MATH-115,D,CIS-115,D-,CIS-115,A-
5211e38aa62040b797f75d3a82fd4a66,CIT,True,MATH-098,C,MATH-115,B+,MATH-121,B,CIS-115,D+,CIS-115,C+,CIS-121,C-,CIS-121,B-,CIS-122,B-,CIS-223,B-
e8119cc43f394131b5a567585798c24b,CIT,True,MATH-098,C+,MATH-115,D-,MATH-115,B,CIS-115,B,CIS-121,D+,CIS-121,B,CIS-122,B+,CIS-223,B
7ae389cc775e42278a333133ec95b2b7,CIT,True,MATH-098,C-,MATH-098,B+,MATH-115,B-,MATH-121,A,CIS-115,C+,CIS-121,D,CIS-121,B,CIS-122,A-
3715abb227104f019f0ff1259a6f7748,CIT,True,MATH-098,A,CIS-115,C+,CIS-121,D,CIS-121,C
bf5d0f91f6ba40c3868b9ee6268aaa5f,CIT,True,MATH-098,B+,MATH-115,A-,CIS-115,B,CIS-121,D+,CIS-121,C-,CIS-122,B,CIS-223,B-,CIS-224,D-,CIS-224,A-
8ffe52c6ec8c4e69937cff0445b8e370,CIT,True,MATH-098,A,MATH-115,C+,CIS-115,C-,CIS-115,C+,CIS-121,B
3a45445d63c648fdaeae68806539f711,CIT,True,MATH-098,D-,MATH-098,B+,MATH-115,C+,MATH-121,D-,MATH-121,A-,CIS-115,B,CIS-121,F,CIS-121,C,CIS-122,A-,CIS-223,C
e6a4106fa4d5400e822f4a5507596e01,CIT,True,MATH-098,B,MATH-115,C,CIS-115,B,CIS-121,A-,CIS-122,C
cae62966ee04424986f6cf85ff826429,CIT,True,MATH-098,B,MATH-115,B-,CIS-115,F,CIS-115,D,CIS-121,A,CIS-122,C+
b030f95bed4d4453a11c1212201041a3,CIT,True,MATH-098,B+,MATH-115,D,MATH-115,C,CIS-115,A-,CIS-121,B,CIS-122,D+,CIS-122,C-,CIS-223,C+
6209f8d670c44eeb810aa043cd4d2d57,CIT,True,MATH-098,C-,MATH-098,B,CIS-115,A,CIS-121,B,CIS-122,D+,CIS-122,B-,CIS-223,B,CIS-224,B
fa4088bf2f504dd2b880811d4355818f,CIT,True,MATH-098,C-,MATH-098,C+,CIS-115,C
19dc788db7594c838e154ca3da67662d,CIT,True,MATH-098,D-,MATH-098,C,MATH-115,D,MATH-115,A-,MATH-121,B-,CIS-115,F,CIS-115,C+,CIS-121,C,CIS-122,B,CIS-223,D,CIS-223,C+
1cfd7dcb765e468ca01f700a74730acd,CIT,True,MATH-098,C+,MATH-115,C+,CIS-115,A-,CIS-121,A
578d65ad7871407aa397c9c49110f93c,CIT,True,MATH-098,C-,MATH-098,C,MATH-115,D,MATH-115,B,CIS-115,F,CIS-115,B+,CIS-121,D-,CIS-121,C-,CIS-122,B-,CIS-223,A-
dd7bd385dd9f43329210dac763e8d844,CIT,True,MATH-098,C-,MATH-098,B,MATH-115,C,MATH-121,B,CIS-115,F,CIS-115,C,CIS-121,B-
392126ad92914435bcf6ced9b7f8bee8,CIT,True,MATH-098,F,MATH-098,C,MATH-115,A,MATH-121,F,MATH-121,B,CIS-115,A-
e343417f33084296a11e113c36fc861a,CIT,True,MATH-098,D,MATH-098,C,MATH-115,B,CIS-115,B-,CIS-121,C+,CIS-122,C-,CIS-122,B,CIS-223,B+,CIS-224,B
0aca1513bc7045d3a91eb4ddee63eee7,CIT,True,MATH-098,B+,MATH-115,C+,CIS-115,A-
78a89960529943248b7825b2560cf36f,CIT,True,MATH-098,F,MATH-098,C-,CIS-115,C-,CIS-115,B
c3190033aad447ddbbc01bce8fbb1740,CIT,True,MATH-098,C-,MATH-098,C+,MATH-115,B+,CIS-115,F,CIS-115,A,CIS-121,A-
035c78f62df34e52b3ec1720fe734535,CIT,True,MATH-098,B+,CIS-115,A,CIS-121,D+,CIS-121,C,CIS-122,F,CIS-122,B+
254ca48a0c4d4296966141efbeffee9d,CIT,True,MATH-098,C-,MATH-098,A,MATH-115,D+,MATH-115,B,CIS-115,C-,CIS-115,C+,CIS-121,D-,CIS-121,D-,CIS-122,C,CIS-223,B,CIS-224,B-
60e298613c674cd0848dd2b5bf2626c2,CIT,True,MATH-098,A,CIS-115,B-,CIS-121,C+,CIS-122,D+,CIS-122,C+,CIS-223,B+,CIS-224,A-
74bc22fc5399445eafa5725b3abbfe84,CIT,True,MATH-098,C,MATH-115,D,MATH-115,C+,MATH-121,C+,CIS-115,C-,CIS-115,A-,CIS-121,D-,CIS-121,B,CIS-122,D-,CIS-122,D-,CIS-223,D-,CIS-223,A,CIS-224,A
ee2b2c39cf5543b1a71f3c7d612abb96,CIT,True,MATH-098,D+,MATH-098,B,MATH-115,C+,MATH-121,B-,CIS-115,A,CIS-121,C,CIS-122,C-,CIS-122,B-
077d85bda55842cab4c901944232b10d,CIT,True,MATH-098,B+,MATH-115,C-,MATH-115,C-,MATH-121,B-,CIS-115,C-,CIS-115,A-
d79c358dccbc406298ba940110098aa2,CIT,True,MATH-098,D,MATH-098,C+,MATH-115,B-,MATH-121,A-,CIS-115,B+,CIS-121,C+
b00f3c0a5a464c1aa8d8a24801337dd6,CIT,True,MATH-098,C,MATH-115,B,CIS-115,C-,CIS-115,A,CIS-121,D+,CIS-121,C+
e4860870f45e4b79a80c832f5dc2adb9,CIT,True,MATH-098,A,MATH-115,A-,CIS-115,D+,CIS-115,B,CIS-121,C-,CIS-121,A-,CIS-122,A
8bc4f847ff654ed1841d9d05042d9582,CIT,True,MATH-098,B+,MATH-115,A-,MATH-115,A-,MATH-121,D+,MATH-121,A-,CIS-115,B-,CIS-121,D-,CIS-121,C,CIS-122,A,CIS-223,D-,CIS-223,B+
1b366387c7dc4bfc96a17b849f88cb01,CIT,True,MATH-098,F,MATH-098,A-,CIS-115,D,CIS-115,C+,CIS-121,D-,CIS-121,B-,CIS-122,B,CIS-223,F,CIS-223,C-,CIS-224,C
c02842e72a89491a929d85ff895f6f35,CIT,True,MATH-098,B+,MATH-115,C,MATH-121,D+,MATH-121,B+,CIS-115,C,CIS-121,B+,CIS-122,A-
20fc7f516fd848c0815a34704919b2c2,CIT,True,MATH-098,C+,CIS-115,C+
39b5f6d6567640f8870ba8a254203450,CIT,True,MATH-098,C+,MATH-115,A,MATH-121,D-,MATH-121,A-,CIS-115,D-,CIS-115,D
1fef39381bfa42ddb7010e53b67d9d2f,CIT,True,MATH-098,C,CIS-115,F,CIS-115,B+
e787da83a0f54c698e99cb0a944376f8,CIT,True,MATH-098,D,MATH-098,B-,CIS-115,A,CIS-121,A
e93506157a1242bf82c4cfad98c8a9dc,CIT,True,MATH-098,C,MATH-115,D+,MATH-115,B-,MATH-121,A,CIS-115,F,CIS-115,D-,CIS-121,B-
f8bfbe58aa05417f92e3197d1350b206,CIT,True,MATH-098,B-,CIS-115,D,CIS-115,D,CIS-121,A,CIS-122,C-,CIS-122,B+
f08785a3c31e46cdb8eef0f912b23162,CIT,True,MATH-098,A-,MATH-098,A,MATH-115,B-,MATH-121,A-,CIS-115,B-,CIS-121,B-,CIS-122,D,CIS-122,D,CIS-223,B+
a3079ed165e44a128757e2b2c1e613d2,CIT,True,MATH-098,A,MATH-115,C,CIS-115,B-,CIS-121,A-,CIS-122,C+
4077570f35924065bc3a3fcb9490af8b,CIT,True,MATH-098,A-,CIS-115,C+,CIS-121,B-,CIS-121,B
d32035323f124907a998343db8bb6ac8,CIT,True,MATH-098,C+,MATH-115,D-,MATH-115,A,MATH-121,D+,MATH-121,C,CIS-115,D-,CIS-115,A,CIS-121,F,CIS-121,C,CIS-122,C-,CIS-122,B-,CIS-223,A-
3b13573ad8aa44d580b072109ea63f84,CIT,True,MATH-098,F,MATH-098,C-,CIS-115,D-,CIS-115,B-,CIS-121,C+,CIS-122,C,CIS-223,D,CIS-223,B
a14f802aa8a743ae9f55ce7217a612ef,CIT,True,MATH-098,A,CIS-115,D-,CIS-115,A,CIS-121,B+,CIS-122,D+,CIS-122,C,CIS-223,D+,CIS-223,B,CIS-224,B+
6ffcfeb24cc84477b13cd1230883bd5a,CIT,True,MATH-098,B+,CIS-115,F,CIS-115,D-,CIS-121,B-,CIS-122,D,CIS-122,B-,CIS-223,A,CIS-224,B-,CIS-224,A-
2ae4e5b893094865a9fd950a2e38ec4e,CIT,True,MATH-098,B+,MATH-115,B-,CIS-115,B,CIS-121,C-,CIS-121,C-
8b2c4cff473745a08526a73bbe547e28,CIT,True,MATH-098,F,MATH-098,A-,MATH-115,C-,MATH-115,B+,MATH-121,D+,MATH-121,D+,CIS-115,C,CIS-121,C+,CIS-122,D,CIS-122,A-
f18ea50635e64466b72830dc540e3dd8,CIT,True,MATH-098,D-,MATH-098,B+,CIS-115,D+,CIS-115,C,CIS-121,A,CIS-122,C-,CIS-122,B+,CIS-223,C
b57fdabbc6134f54a36a0503f0ecdd7d,CIT,True,MATH-098,D+,MATH-098,A-,MATH-115,C,MATH-121,D,MATH-121,C+,CIS-115,B,CIS-121,D,CIS-121,B-,CIS-122,C+,CIS-223,D+,CIS-223,C
1c0886927f6b40c1894e4ca0fc0c567a,CIT,True,MATH-098,D-,MATH-098,B+,MATH-115,C,CIS-115,B+,CIS-121,D+,CIS-121,A,CIS-122,A-
c3aa601783974047829a5b668b4be726,CIT,True,MATH-098,D-,MATH-098,B,MATH-115,F,MATH-115,C,MATH-121,F,MATH-121,A-,CIS-115,D+,CIS-115,A,CIS-121,C+,CIS-122,F,CIS-122,B
07f82fe6667a4b3cbd97f2b7bbcf293d,CIT,True,MATH-098,C-,MATH-098,C-,CIS-115,C,CIS-121,B,CIS-122,C+,CIS-223,F,CIS-223,F
1588428cf55446138e02c6f1f4675ba5,CIT,True,MATH-098,B,CIS-115,A-,CIS-121,B+,CIS-122,C+,CIS-223,B
44874eb3aea049cb80c869aea815c386,CIT,True,MATH-098,C+,MATH-115,C,MATH-121,A-,CIS-115,B-,CIS-121,B
0454852b8b6a429fb67e6c4a9280634e,CIT,True,MATH-098,C-,MATH-098,C+,MATH-115,D,MATH-115,D+,CIS-115,D+,CIS-115,C,CIS-121,D+,CIS-121,D+,CIS-122,D,CIS-122,B,CIS-223,A-
0ab1eeeb49684fe98a340a06ba6277a8,CIT,True,MATH-098,B+,MATH-115,B,CIS-115,D+,CIS-115,C-,CIS-121,B-,CIS-122,F,CIS-122,C-,CIS-223,C-,CIS-223,B
bc71c30c12ae4d9baace223e06672eb7,CIT,True,MATH-098,D,MATH-098,B+,MATH-115,A-,MATH-121,D-,MATH-121,C-,CIS-115,B,CIS-121,D-,CIS-121,A,CIS-122,C+
0dda0e32ed9a4a8499c2ec9bc1823445,CIT,True,MATH-098,B+,CIS-115,B,CIS-121,D,CIS-121,C,CIS-122,B-
a16c5aaa8ad5458e8b605bfeac397f9b,CIT,True,MATH-098,D,MATH-098,D+,MATH-115,A,CIS-115,C,CIS-115,B
c2aa44d39a9b4996a1a61a875fac4bcf,CIT,True,MATH-098,B,MATH-115,D,MATH-115,C+,CIS-115,C,CIS-121,A-,CIS-122,D+,CIS-122,B-,CIS-223,B,CIS-224,B
0b57529fb585461680fbeaf6d6a838ea,CIT,True,MATH-098,D,MATH-098,D+,CIS-115,C-,CIS-115,B+,CIS-121,D+,CIS-121,B,CIS-122,A
6ce7d781f37e4b59b7aa0230bc2d8dca,CIT,True,MATH-098,D-,MATH-098,B-,MATH-115,B,CIS-115,A-,CIS-121,C-,CIS-121,B
d1f050aef01144e0a874602d2378ecc0,CIT,True,MATH-098,F,MATH-098,A,MATH-115,B-,MATH-115,B-,MATH-121,A,CIS-115,A-,CIS-121,B-,CIS-122,D+,CIS-122,D+,CIS-223,F,CIS-223,C+,CIS-224,A
800767f5e511451fabdb9cd6c462bedd,CIT,True,MATH-098,A,MATH-115,D-,MATH-115,C,CIS-115,A-,CIS-121,C,CIS-122,C-,CIS-122,C+
12233bb306444fc4a88635f9c6231c8e,CIT,True,MATH-098,F,MATH-098,D-,CIS-115,B+,CIS-121,D,CIS-121,C-,CIS-122,C-,CIS-122,B,CIS-223,D+,CIS-223,B+
e26003be48fb416bb3c17fc69d828fca,CIT,True,MATH-098,C,CIS-115,C-,CIS-115,A,CIS-121,C-,CIS-121,A-,CIS-122,D,CIS-122,B-
782fcb388b704213b4f29f8c4f4ff312,CIT,True,MATH-098,C-,MATH-098,B-,MATH-115,B-,CIS-115,A-,CIS-121,F,CIS-121,F,CIS-122,B-,CIS-223,C+,CIS-224,D+,CIS-224,C
feb78ef292be4ae78a228ab220fcd46e,CIT,True,MATH-098,B-,MATH-115,D-,MATH-115,C-,MATH-121,C-,MATH-121,C+,CIS-115,D,CIS-115,C,CIS-121,D+,CIS-121,C+,CIS-122,D+,CIS-122,D+
1ab0ca04d9d1421ca909f565ee18d0b8,CIT,True,MATH-098,B-,MATH-115,C-,MATH-115,C,CIS-115,C,CIS-121,C,CIS-122,B
eebd16cb1a904f719c8abdc1d45418c8,CIT,True,MATH-098,F,MATH-098,C-,MATH-115,D-,MATH-115,C,CIS-115,B-,CIS-121,B+,CIS-122,C-,CIS-122,A-
1d7def7cc22448378bf91cf6310003c6,CIT,True,MATH-098,A,MATH-115,C+,MATH-121,C,CIS-115,C+
55c1d45308224aaa873625e9f8ff50b6,CIT,True,MATH-098,C-,MATH-098,B,CIS-115,C+,CIS-121,A-,CIS-122,C,CIS-223,C-,CIS-223,A-
bc89a847eff84a69b450dedfaee05176,CIT,True,MATH-098,C-,MATH-098,B,MATH-115,B,CIS-115,F,CIS-115,B,CIS-121,D,CIS-121,D+,CIS-122,B+
facea55965654ef1b2dc0d847490675d,CIT,True,MATH-098,B,MATH-115,B+,CIS-115,D-,CIS-115,C+,CIS-121,A-
079ad42f477e4303830a2a11fb4869bd,CIT,True,MATH-098,D,MATH-098,A-,MATH-115,B-,MATH-115,A-,MATH-121,D+,MATH-121,A-,CIS-115,F,CIS-115,C,CIS-121,C-,CIS-121,C-,CIS-122,C
921aaee49cd64e59b64db94f5fafb42b,CIT,True,MATH-098,B-,CIS-115,C-,CIS-115,B+
32683544910b4a19a0a27a34e5e625da,CIT,True,MATH-098,A,MATH-115,B,MATH-121,D+,MATH-121,B-,CIS-115,A-
f4dea81749684b20886bee0cad97bf5a,CIT,True,MATH-098,C-,MATH-098,B,MATH-115,A,MATH-121,C-,MATH-121,C,CIS-115,C,CIS-121,C+,CIS-122,B
b44a96238df34ed7b634e816bdab8e47,CIT,True,MATH-098,F,MATH-098,B+,MATH-115,A-,MATH-121,A-,CIS-115,D-,CIS-115,C+,CIS-121,D+,CIS-121,A,CIS-122,B+,CIS-223,C+,CIS-224,A-
234f45c24f644227bcf4aab2e8f9f2a0,CIT,True,MATH-098,B,MATH-115,A,CIS-115,C+
869c1f26b8194383954c3ac1764d6857,CIT,True,MATH-098,D+,MATH-098,B,MATH-115,F,MATH-115,B,MATH-121,A-,CIS-115,B+
9509c75191324e0aa1f6b3e388247046,CIT,True,MATH-098,C,CIS-115,B+,CIS-121,C
d355af049193499f86c0d7d6226d13aa,CIT,True,MATH-098,A-,MATH-098,A,MATH-115,A-,CIS-115,B+,CIS-121,B,CIS-122,B+
1bdc673b1ee74a4fb67b84e1d98dc915,CIT,True,MATH-098,D-,MATH-098,B,MATH-115,D+,MATH-115,D+,CIS-115,B+
65218e0158d4477ca8fc1062ac47421d,CIT,True,MATH-098,D+,MATH-098,C+,MATH-115,D,MATH-115,C,CIS-115,D,CIS-115,D,CIS-121,D-,CIS-121,B-,CIS-122,F,CIS-122,B+,CIS-223,D-,CIS-223,A-,CIS-224,C+
828416cf102b47149b50034458d7db13,CIT,True,MATH-098,C,MATH-115,D-,MATH-115,C+,MATH-121,C-,MATH-121,C+,CIS-115,C-,CIS-115,B+,CIS-121,A,CIS-122,D+,CIS-122,D+,CIS-223,B-
d519dc9a11d946ea9e06a08f8fae168a,CIT,True,MATH-098,D,MATH-098,C-,MATH-115,A-,MATH-121,C+,CIS-115,C+,CIS-121,C,CIS-122,B-,CIS-122,B-
70a540f2a8f8473595dd39966020b553,CIT,True,MATH-098,B,MATH-115,D-,MATH-115,B,MATH-121,B+,CIS-115,A,CIS-121,B+,CIS-122,D-,CIS-122,A-,CIS-223,B+
db784373876a47aeb9795210ba0d635f,CIT,True,MATH-098,C-,MATH-098,B,CIS-115,F,CIS-115,D,CIS-121,A-,CIS-122,A-,CIS-223,C
fbbb798919124ece91655a272c36d730,CIT,True,MATH-098,B,MATH-098,B+,MATH-115,B+,MATH-121,B-,MATH-121,A,CIS-115,B,CIS-121,F,CIS-121,D-,CIS-122,D,CIS-122,D+,CIS-223,A-
793030e3f39b4d118f190a129d14494d,CIT,True,MATH-098,C+,CIS-115,C+,CIS-115,C+,CIS-121,B+,CIS-122,A-
cfa0ec9a969d4750ad25e0af36371b2d,CIT,True,MATH-098,C,MATH-098,B+,MATH-115,C+,CIS-115,B,CIS-115,B+,CIS-121,D-,CIS-121,A-,CIS-122,C-,CIS-122,B+
1aa1731b811c44fcbb6d2b9ec9be4711,CIT,True,MATH-098,B+,MATH-115,D,MATH-115,D+,MATH-121,A-,CIS-115,C,CIS-115,C+,CIS-121,D+,CIS-121,B+,CIS-122,F,CIS-122,C-,CIS-223,C-,CIS-223,A-,CIS-224,B-
b3687ee0e30a48078f5f334dc457cfaf,CIT,True,MATH-098,F,MATH-098,C-,MATH-115,B+,CIS-115,C+,CIS-121,C+,CIS-122,B-,CIS-223,C+,CIS-224,B-
a9373d8063e54bafb053cb5b8f714bf4,CIT,True,MATH-098,D+,MATH-098,B,MATH-115,B,MATH-121,B,CIS-115,B+,CIS-121,C+,CIS-122,D,CIS-122,D+
912137eabc1f42148513d3a6a7e0556f,CIT,True,MATH-098,C,MATH-115,A,MATH-121,D-,MATH-121,D-,CIS-115,D,CIS-115,A,CIS-121,F,CIS-121,B-
462125e1d1c24150993304e8a5459c02,CIT,True,MATH-098,A,MATH-115,B-,MATH-121,A-,CIS-115,C+,CIS-121,F,CIS-121,C-,CIS-122,B+,CIS-223,D,CIS-223,C,CIS-224,C+
5f28624592ad419db2839e0a8d52674c,CIT,True,MATH-098,D,MATH-098,B-,MATH-115,C-,MATH-115,B+,CIS-115,C-,CIS-115,B-,CIS-121,A,CIS-122,C+,CIS-223,D,CIS-223,D
72d04eea8b314e968fc0057f7e222101,CIT,True,MATH-098,B+,MATH-115,C,MATH-121,C-,MATH-121,C+,CIS-115,C-,CIS-115,B-,CIS-121,C-,CIS-121,B-
5a5ca1dfcc6548c48df840c48ebb2374,CIT,True,MATH-098,A-,MATH-115,A-,CIS-115,B,CIS-121,A,CIS-122,D+,CIS-122,C+,CIS-223,B+
26f1a8e42c0449d6baecfab346f56c2d,CIT,True,MATH-098,B+,MATH-115,D+,MATH-115,B,MATH-121,C+,CIS-115,C,CIS-121,D-,CIS-121,A-,CIS-122,D,CIS-122,A,CIS-223,F,CIS-223,D-
58eaa299faad4b52b39773fb5dc8bb2e,CIT,True,MATH-098,C,MATH-115,D+,MATH-115,C-,CIS-115,D,CIS-115,B+
904484b5deec44ddaaf4cc0c5bb73f0f,CIT,True,MATH-098,D,MATH-098,C+,MATH-115,B-,MATH-121,B,CIS-115,B-,CIS-121,C-,CIS-121,C-,CIS-122,B+,CIS-223,B+,CIS-224,A
7eb5569ba00d4ba19fcdaa24bf07f817,CIT,True,MATH-098,B+,MATH-115,B+,MATH-121,D+,MATH-121,B,CIS-115,D+,CIS-115,A,CIS-121,B+,CIS-122,B-
da5187665b384666b85fc344b5d001a7,CIT,True,MATH-098,C+,CIS-115,C,CIS-121,D+,CIS-121,B+,CIS-122,C,CIS-223,F,CIS-223,C-
5c6199c764a548f4b3c903fcb83f0126,CIT,True,MATH-098,D,MATH-098,A,MATH-115,B-,MATH-115,B,MATH-121,A,CIS-115,D-,CIS-115,D-
0c3a5a5f6c0642758e0dfc59f3e1d77f,CIT,True,MATH-098,D,MATH-098,A,MATH-115,A-,CIS-115,B
41fd69e9fa9c46ee8191c1760e4a0092,CIT,True,MATH-098,D+,MATH-098,B+,CIS-115,B
1c5f2b17604644a19c8cba7f84c4ac3e,CIT,True,MATH-098,A,MATH-115,B,CIS-115,A,CIS-121,B-
456645e80a9f47f39f0a6d30be2bf636,CIT,True,MATH-098,D-,MATH-098,A,MATH-115,B,CIS-115,A,CIS-121,B,CIS-122,C-,CIS-122,C+,CIS-223,C,CIS-224,B-
2621175d14eb414da3f3e03491087bd5,CIT,True,MATH-098,F,MATH-098,B-,CIS-115,B,CIS-121,D+,CIS-121,C,CIS-122,B-,CIS-223,D+,CIS-223,B
93142a71ac3045bd8843b8d348b68f36,CIT,True,MATH-098,B,MATH-115,A,CIS-115,C,CIS-121,D-,CIS-121,B+
d69ed128be154576828611aee59bb227,CIT,True,MATH-098,A-,CIS-115,F,CIS-115,A-
b759fb39aa7a4eea8cc50b5353c36f8d,CIT,True,MATH-098,A-,CIS-115,B-,CIS-115,A,CIS-121,D-,CIS-121,D
d33aeb6ea8394659a9abce30d8b6cb04,CIT,True,MATH-098,B-,CIS-115,C+
fb28526bc34c44d3a332af2df5053ac4,CIT,True,MATH-098,B,CIS-115,D+,CIS-115,B-,CIS-121,B+,CIS-122,C
e40228780fd64e0cba7d19ebd89da1ba,CIT,True,MATH-098,C+,MATH-098,B+,CIS-115,A,CIS-121,C,CIS-122,B+,CIS-223,A,CIS-224,D+,CIS-224,C-
7abc7f4af2164c948815e7013b9139eb,CIT,True,MATH-098,B-,MATH-098,A,MATH-115,C+,CIS-115,D-,CIS-115,A,CIS-121,D-,CIS-121,B+,CIS-122,A-,CIS-223,C
850b5cedf9604b22ae568873608402b8,CIT,True,MATH-098,C+,CIS-115,B-
cd1e3337cc904dcf980b89f06ef88600,CIT,True,MATH-098,A,CIS-115,C+,CIS-121,C+,CIS-122,C,CIS-223,C
1dfd180d49e24de1be12be94f50ee6b8,CIT,False,MATH-098,C-,MATH-115,B,MATH-121,A-
89aa3381ac2545238d30c4613b63abe0,CIT,False,MATH-098,C+
842b5cbb82aa4a6ba273c4a375f62adc,CIT,False,MATH-098,F,MATH-115,C-
ac43eae23a224fc9b40e917fb6b0b704,CIT,False,MATH-098,C-
c36a14d9293d433894e26af8084e32ab,CIT,False,MATH-098,A-
1dab93139ce642408a707d21c2d4a2d2,CIT,True,MATH-098,C,CIS-115,A
88830d037ea94b688d089abc1d7e9f8d,CIT,False,MATH-098,B+,MATH-115,A
3d0d9e656dc641489495cc9177011ec8,CIT,False,MATH-098,A-,MATH-115,C,MATH-121,A-
e028057e2e904245b1160f346216deeb,CIT,False,MATH-098,C-,MATH-115,C
19d6e335b20843d9950b48f40a05e6b8,CIT,False,MATH-098,F,MATH-115,B
8ba2f27cd4894b548f1d667aed8dc65e,CIT,False,MATH-098,B+
950a91279b1f4ad5b2a31cd9da1271f4,CIT,False,MATH-098,A
b6cfc925de854492b83628706310bfdd,CIT,False,MATH-098,A-,MATH-115,B+,MATH-121,D+
01fea02d15144519a50d126ba5a6702c,CIT,False,MATH-098,C+,MATH-115,C,MATH-121,C+
b9fb9da478db4c62ac2cf8b040ec6de2,CIT,False,MATH-098,A-,MATH-115,D+,MATH-121,D
393b5056e902438696584b555602b65a,CIT,False,MATH-098,C-
e0dc46453b7745d1bfcb4076e049add2,CIT,False,MATH-098,B-
be987646cd024c8b8a3eff65ec2621da,CIT,False,MATH-098,D+,MATH-115,D-,MATH-121,C+
5683acbee8614846beb293eae1740237,CIT,True,MATH-098,F,MATH-115,D,MATH-121,A,CIS-115,B-
fd5e80afed0c409e91a262d15a413510,CIT,False,MATH-098,D,MATH-115,B+,MATH-121,C+
8fb16801c7334115af13aeb6b69c60a1,CIT,False,MATH-098,C+,MATH-115,A-
d8c535d8299242ddb1fea4338e3b34bd,CIT,False,MATH-098,D-,MATH-115,A,MATH-121,D+
7846660c53654c9d8ba016f106954264,CIT,False,MATH-098,C,MATH-115,A,MATH-121,A
bfb1af4ddef146d2b4b96626bce1c51c,CIT,True,MATH-098,B,MATH-115,B,CIS-115,A
227b498383c740cfade8f2d1c715be47,CIT,False,MATH-098,A,MATH-115,B-,MATH-121,D-
82701fe6fdcf42c6887b6267a5ec7719,CIT,False,MATH-098,B+,MATH-115,D-,MATH-121,C-
2989f1e8da8f4550b84d9e9254c639f8,CIT,False,MATH-098,D,MATH-115,B-
0a5dfba96e0e493ba7925560e93c252b,CIT,False,MATH-098,F,MATH-115,C+,MATH-121,D+
df5c926011f24fccbd671a9cb3397dac,CIT,False,MATH-098,B-,MATH-115,A-,MATH-121,D
0cc7be8d2ba742a5b1b3523310661054,CIT,False,MATH-098,D,MATH-115,B+,MATH-121,C
b8c34464df2e49a585fdc9929f6fe627,CIT,False,MATH-098,D,MATH-115,B+,MATH-121,B
b43ff3aaf4e040849e5c57dcb66696ab,CIT,False,MATH-098,D+,MATH-115,D+,MATH-121,D
9121ab193704466faa66c73cdf110bb2,CIT,True,MATH-098,A,CIS-115,D
a5240101f8a4403199f9308a1af388dc,CIT,False,MATH-098,F,MATH-115,D+,MATH-121,B+
52ad76fd9209495b9c42203d793b67bc,CIT,False,MATH-098,D,MATH-115,B,MATH-121,C
3a18e0d8c4ec4e9089add850b1f99938,CIT,True,MATH-098,B,MATH-115,D,CIS-115,C
059ece01ce3644409d0c622d6797602f,CIT,False,MATH-098,C,MATH-115,B-
d9d6c79899084862bb8ce19aa754d240,CIT,False,MATH-098,F,MATH-115,A,MATH-121,C+
6ce957d808344a01bb81710f6e3b5535,CIT,True,MATH-098,D,CIS-115,C
890e7b5134d445e980467e8c4e0d383e,CIT,False,MATH-098,D,MATH-115,C+,MATH-121,D+
0010c25e597142bda549b91a52ca7a25,CIT,False,MATH-098,B+,MATH-115,B-,MATH-121,C-
8e0613f58fca441b90d51eea4eca3a2d,CIT,False,MATH-098,C-
7e5a183e5dc84495bcbc409cc8752e5c,CIT,True,MATH-098,D,MATH-115,A-,MATH-121,C-,CIS-115,C-
a8c3569e203c41e69360c58ba357a2d4,CIT,False,MATH-098,A,MATH-115,D+,MATH-121,A-
f00842b716264fbbb3e7ea918c0dfac0,CIT,False,MATH-098,D+,MATH-115,A-
c613334f66324ba886bce697b4dd1cd9,CIT,False,MATH-098,C-,MATH-115,F,MATH-121,B+
11af7a8f727b48d48a61d2c98e5ecba8,CIT,False,MATH-098,C+,MATH-115,F
47a5eef44c8c40f79694820e57162627,CIT,True,MATH-098,A,MATH-115,C,MATH-121,B-,CIS-115,F
c53262382b5e448d95ff2700e32aa283,CIT,False,MATH-098,A,MATH-115,D+,MATH-121,B-
fdbfa3a56bc84878839b2e0912600250,CIT,False,MATH-098,B-,MATH-115,D-
e1c7c810c4c84750ad888925ddf2af93,CIT,True,MATH-098,D,CIS-115,A-
6e9c5329eac344c28ef92978cd4317a9,CIT,False,MATH-098,F,MATH-115,A,MATH-121,D
3633027de4e54d15a7c9513e2ad0a97b,CIT,False,MATH-098,D-,MATH-115,A
31b092f111e042188b1af2a6c95e028f,CIT,True,MATH-098,D-,MATH-115,F,MATH-121,B+,CIS-115,B+
4428f0fb7e72474fa4a0e4ddd0e7c3b9,CIT,False,MATH-098,C,MATH-115,B
25f942920242438cb87637fb15cbb74a,CIT,False,MATH-098,F,MATH-115,B+
1b1192db9cb144cf8cdc508070357331,CIT,False,MATH-098,A
f19b9eb426a04c00a29e0c310782b213,CIT,False,MATH-098,F,MATH-115,D+,MATH-121,C-
5cc1a2cc103345b8be8be03af5804853,CIT,True,MATH-098,A-,MATH-115,C+,CIS-115,D-
63aff11f902e4a3e8285d684c1424ef0,CIT,False,MATH-098,D-
6b1ee93f534d404092b3e5fdb95025c5,CIT,False,MATH-098,A-
4d057aae35f4496b84bdf2af8f640243,CIT,False,MATH-098,C+
dfb88d5a11d94c92a6aac00cc2782844,CIT,False,MATH-098,C+,MATH-115,C,MATH-121,B+
e71944a121634cf09c5c1f1e6151344f,CIT,False,MATH-098,B-,MATH-115,D+
23119f92611740ca8e490e9a3178d099,MIS,True,MATH-098,F,MATH-098,A,CIS-115,D,CIS-115,C,CIS-121,D+,CIS-121,A-,CIS-122,D+,CIS-122,C-,CIS-223,F,CIS-223,C+
fa113d3e815b4f0eafd86487de641dc0,MIS,True,MATH-098,B,MATH-115,D+,MATH-115,A-,MATH-121,B,CIS-115,B+,CIS-121,D,CIS-121,A
6acca9a39aa94885bcbfa53681d3b817,MIS,True,MATH-098,B+,MATH-098,A-,MATH-115,D,MATH-115,A-,CIS-115,C-,CIS-115,A-,CIS-121,D,CIS-121,A-
83d13139dd2f41f684694f3a166c627a,MIS,True,MATH-098,C-,MATH-098,A,CIS-115,C-,CIS-115,C
44291f94d2c5474eaf8a4f91193eabc3,MIS,True,MATH-098,B-,MATH-115,B+,MATH-121,B,CIS-115,D,CIS-115,D+,CIS-121,B+,CIS-122,B-
6d7fc032d9c7465482c669d137b36bf4,MIS,True,MATH-098,B+,CIS-115,D+,CIS-115,C-,CIS-121,D-,CIS-121,B+,CIS-122,B-,CIS-223,B-
03d0f97dfa4e49b1b69e5fd4d8dba020,MIS,True,MATH-098,D+,MATH-098,D+,MATH-115,D+,MATH-115,D+,CIS-115,F,CIS-115,A
2f7de50f6b1d4cf2a8e5f545e05715cf,MIS,True,MATH-098,B,MATH-115,D,MATH-115,B+,CIS-115,A-,CIS-121,B+,CIS-122,D-,CIS-122,C-,CIS-223,D,CIS-223,D
15672f7ee0474f2dbcbad05ffbdd270b,MIS,True,MATH-098,C-,MATH-098,C,MATH-115,C+,MATH-121,C-,MATH-121,B-,CIS-115,B-,CIS-121,D+,CIS-121,B-,CIS-122,B
6986ef6e8b7f401cb37161f3c58e346f,MIS,True,MATH-098,C+,CIS-115,F,CIS-115,B+,CIS-121,B,CIS-122,B
4aad3d9b65844982b8123ebd8f2d181a,MIS,True,MATH-098,F,MATH-098,C-,MATH-115,C,CIS-115,A-
8eea97a124014826ac22071f9445f3fa,MIS,True,MATH-098,A-,MATH-115,B-,CIS-115,C-,CIS-115,C-,CIS-121,D,CIS-121,B-,CIS-122,D,CIS-122,A
c22c909a5974405bb81702dce7ce6aa2,MIS,True,MATH-098,C+,MATH-098,B-,CIS-115,D-,CIS-115,D+,CIS-121,B,CIS-122,A,CIS-223,C-,CIS-223,A-
6e25ce8adea4460c8b39f6dedad76eb1,MIS,True,MATH-098,D-,MATH-098,D+,MATH-115,D,MATH-115,D,MATH-121,B-,CIS-115,D,CIS-115,C-
63585fe91bae49369dc9b9defa5d8ab3,MIS,True,MATH-098,B+,MATH-115,A,MATH-121,A-,CIS-115,F,CIS-115,A-,CIS-121,B-,CIS-121,A-,CIS-122,A-
9ca1c7a4fdbe483da71706bae6a07809,MIS,True,MATH-098,A,MATH-115,A-,CIS-115,D-,CIS-115,B,CIS-121,C-,CIS-121,C+
32397e67f75c4a47be25fdc1677849fd,MIS,True,MATH-098,D,MATH-098,A-,MATH-115,D,MATH-115,C-,CIS-115,C+
7a07f5b803254b9489d23439f07b777b,MIS,True,MATH-098,A,MATH-115,F,MATH-115,A,CIS-115,D-,CIS-115,C+
8e3ce5f7dd1c4aeebbd680b06e53e84e,MIS,True,MATH-098,C+,MATH-098,B-,MATH-115,C,MATH-121,A-,CIS-115,B,CIS-121,D-,CIS-121,A
9df882be128247fa8c125774de00ca6b,MIS,True,MATH-098,D-,MATH-098,D,CIS-115,A,CIS-121,D+,CIS-121,B
1eaf4e8649024f8b8e8de17f13b2b65f,MIS,True,MATH-098,F,MATH-098,C-,CIS-115,D+,CIS-115,C-,CIS-121,B-
1e678d348fd049748cf640aa2a0bf4db,MIS,True,MATH-098,A,MATH-115,D,MATH-115,A-,MATH-121,A-,CIS-115,C+,CIS-121,C+
051325d87f854efd868e672ba061f5bf,MIS,True,MATH-098,A,MATH-115,A,MATH-121,B,CIS-115,D,CIS-115,C-,CIS-121,B,CIS-122,F,CIS-122,C-
7e7b4ca1a5394e29a5987c6a228983c3,MIS,True,MATH-098,A-,MATH-115,B+,CIS-115,F,CIS-115,B+,CIS-121,D+,CIS-121,B-
eb611f4327ae49f498981f22a47b11a1,MIS,True,MATH-098,C-,MATH-098,B,MATH-115,D+,MATH-115,C-,CIS-115,D,CIS-115,C
22eba1786ecf43dda282f4a438522bdb,MIS,True,MATH-098,D+,MATH-098,B+,MATH-115,D,MATH-115,D,MATH-121,B+,CIS-115,C,CIS-121,C+,CIS-122,B+,CIS-223,D-,CIS-223,B-
ebf3687ce4784581a05c38678fdf546f,MIS,True,MATH-098,D-,MATH-098,C-,MATH-115,B,CIS-115,C-,CIS-115,C+,CIS-121,B
238ebb818cdb4445aa5a3a543220428e,MIS,True,MATH-098,A,MATH-115,F,MATH-115,A,MATH-121,D+,MATH-121,A,CIS-115,B-
46d070b625f542a08de92bbe3d886fba,MIS,True,MATH-098,A,MATH-115,C+,CIS-115,A-,CIS-121,B-,CIS-122,D+,CIS-122,C
782bc57ddc8f471ab4eca84181d59116,MIS,True,MATH-098,D,MATH-098,B,MATH-115,C-,MATH-115,A,MATH-121,C,CIS-115,A-,CIS-121,D-,CIS-121,D-,CIS-122,F,CIS-122,C
4dfe3de75fac46ceb05caae723129608,MIS,True,MATH-098,B,CIS-115,F,CIS-115,D-
ae3ca812801b4e189d1468005c939c06,MIS,True,MATH-098,D,MATH-098,C-,MATH-115,C,MATH-121,D+,MATH-121,D+,CIS-115,C+
2b1b5af98d2144969ed25f9da58622ef,MIS,True,MATH-098,F,MATH-098,A-,MATH-115,F,MATH-115,A-,MATH-121,D-,MATH-121,C-,CIS-115,C-,CIS-115,C+
1913778bed51422fb89826ab8d295509,MIS,True,MATH-098,A,MATH-115,A,CIS-115,D,CIS-115,C
c6f10dacb04a46c792c1d506943e7538,MIS,True,MATH-098,F,MATH-098,D,CIS-115,A-
35f44019e4784d3da4fea86cb3f7fd89,MIS,True,MATH-098,C,MATH-115,C-,MATH-115,C+,MATH-121,D,MATH-121,D,CIS-115,D-,CIS-115,D+,CIS-121,B,CIS-122,F,CIS-122,D
74ba4cdc4ace429c88332211f8980d1e,MIS,True,MATH-098,F,MATH-098,C-,CIS-115,B-,CIS-121,B
651b603a208a49d68acf484635bcb5fe,MIS,True,MATH-098,D+,MATH-098,C-,CIS-115,F,CIS-115,B,CIS-121,A,CIS-122,B+,CIS-122,A
252096a237ec4dccb5a02c43ecf726a9,MIS,True,MATH-098,C,CIS-115,A-,CIS-121,D-,CIS-121,C-
e35fdc92bb4346fba823f5c9cead2071,MIS,True,MATH-098,B+,MATH-115,D-,MATH-115,D+,MATH-121,B+,CIS-115,D+,CIS-115,C+,CIS-121,B,CIS-122,A-
88305a023da148039cec1eff57406504,MIS,True,MATH-098,F,MATH-098,A,MATH-115,B,CIS-115,A,CIS-121,B+,CIS-122,C
5587d953c7ea4faa84c9f1ee37636232,MIS,True,MATH-098,C+,CIS-115,B+,CIS-121,A,CIS-122,C
63b8ab7335e4450f8dd366bc9d56e2c2,MIS,True,MATH-098,B-,MATH-115,D,MATH-115,B,CIS-115,D,CIS-115,B,CIS-121,F,CIS-121,B-,CIS-122,D+,CIS-122,B+,CIS-223,D+,CIS-223,A-
55b7e38fe7524561a4cdb1af635cee83,MIS,True,MATH-098,D-,MATH-098,B+,MATH-115,F,MATH-115,C,CIS-115,B+,CIS-121,B-,CIS-122,B+
0ba41927518a4d90ab5cc480377cf95e,MIS,True,MATH-098,D,MATH-098,A,CIS-115,B,CIS-121,D,CIS-121,C-,CIS-122,A-
52efb521658e4b349cb1941df964092f,MIS,True,MATH-098,D,MATH-098,C,MATH-115,B-,MATH-121,C,CIS-115,D-,CIS-115,C+,CIS-121,B-
797fb1a3f7bc4c9f891f140fd136885d,MIS,True,MATH-098,A-,MATH-115,D+,MATH-115,C+,CIS-115,B,CIS-121,A,CIS-122,A-,CIS-223,B-
406351a61b364cd099fac765564cb93d,MIS,True,MATH-098,C,MATH-115,A-,CIS-115,A,CIS-121,C-,CIS-121,B+
b635fdce50664372b05cb7f5003ec12a,MIS,True,MATH-098,D-,MATH-098,D+,CIS-115,C+,CIS-121,B-,CIS-122,C-,CIS-122,B-
025c564cd7c542b4852cdb2ed3208219,MIS,True,MATH-098,D,MATH-098,B+,CIS-115,F,CIS-115,B+
ef9a93b3b13a424289cdb5b4469da3be,MIS,True,MATH-098,D-,MATH-098,B-,CIS-115,D,CIS-115,D+,CIS-121,F,CIS-121,C-
6648bb685b3148adb5e872618e300f1e,MIS,True,MATH-098,A-,MATH-115,B-,MATH-121,A-,CIS-115,C+
b7e23368da424d75b4cf5d3a156b1282,MIS,True,MATH-098,A-,MATH-115,A-,MATH-121,C+,CIS-115,D-,CIS-115,C
6ccb6e5be236428cb1dd4c91fe80dcca,MIS,True,MATH-098,C,MATH-115,C,MATH-121,B+,CIS-115,B,CIS-121,C+,CIS-122,C-,CIS-122,C-,CIS-223,A-
3f4ad00bc2e24f398947ff96141f03c6,MIS,True,MATH-098,D+,CIS-115,D+
ff7e0f6131a942cf8adacb8f256a8ab8,MIS,False,MATH-098,B,MATH-115,B-
e16bb2bd7b1644058b9bac3729e29607,MIS,True,MATH-098,D+,CIS-115,B-
21c9351c7ec24ad7864caf41a49ba4e9,MIS,False,MATH-098,D
3d9e1b622a1b4974bf0b9344ace9cdb0,MIS,False,MATH-098,B-,MATH-115,B
00b80fe9530242afbe383de8ee3b4b2e,MIS,False,MATH-098,D-,MATH-115,C+
04bc247e39c2496e96e19f4c083eeaac,MIS,False,MATH-098,D-,MATH-115,A
d4199914a17c483ca8a8c8b5d56b19be,MIS,True,MATH-098,A-,CIS-115,B+
7b57480ed84044f49a4b9c6058437ef6,MIS,False,MATH-098,D+,MATH-115,C+
3d0f7a60261d4383b379c1808f81428a,MIS,False,MATH-098,C-
296ed4186b6e4ee9a90e7cefd758d0c0,MIS,False,MATH-098,D+,MATH-115,B+,MATH-121,D-
be2086b0cd684940b11ff9b4265cd998,MIS,False,MATH-098,C,MATH-115,B-
d113c5e5bfce4836a5b2d53468d8961d,MIS,False,MATH-098,A,MATH-115,C-
50c57da2f07841e6ade66edbd60b31d8,MIS,True,MATH-098,D+,MATH-115,B,CIS-115,C+
ee760721ac2a4d569a0a80f9dfdd7198,MIS,False,MATH-098,B-,MATH-115,D-
1c383e83f0cf49d484ff74d32bc8cdad,MIS,False,MATH-098,C+,MATH-115,D-,MATH-121,C-
e2ebc9c986184edab560e6e16d8f824a,MIS,True,MATH-098,B+,CIS-115,B
0baac47087b3426e8cec730581255e02,HI,True,MATH-098,C-,MATH-098,B+,MATH-115,F,MATH-115,D+,MATH-121,D+,MATH-121,A,CIS-115,F,CIS-115,C+,CIS-121,A-,CIS-122,B
3859c56f86144f8dabc9479d5c6f6d2c,HI,True,MATH-098,B,MATH-098,B,CIS-115,D-,CIS-115,C+,CIS-121,B+,CIS-122,B+,CIS-223,A-,CIS-224,A
2947e51eb35f46ab83a664077d212446,HI,True,MATH-098,D,MATH-098,A,CIS-115,B-,CIS-121,F,CIS-121,C-
0724d4e30ae14e1ab5840cfd42a6a404,HI,True,MATH-098,C,CIS-115,C+,CIS-121,D,CIS-121,B,CIS-122,C-,CIS-122,B+,CIS-223,A
a2defd98926d43dcb77eb430893d5c77,HI,True,MATH-098,B+,MATH-115,B+,MATH-121,D-,MATH-121,D+,CIS-115,F,CIS-115,F
cf42e14845484e24820442dbb8fe33e3,HI,True,MATH-098,A-,MATH-098,A-,CIS-115,C+
ffd287af7ea44c88b167fa3e5e417f0a,HI,True,MATH-098,B,MATH-115,B-,CIS-115,C-,CIS-115,C+
4b9e9c83a3714c66b0e54653d5983920,HI,True,MATH-098,F,MATH-098,D,MATH-115,B,MATH-121,C-,MATH-121,B-,CIS-115,D,CIS-115,C+
f9d97c8c234f47e3893d7390780280f0,HI,False,MATH-098,B
